LS,program,z,lab,group,dir,HR,p
LS_35,HSC/MPP,0.011939818,LS35,Favorable,favorable,0.685,3.38477648497878e-10
LS_8,HSC/MPP,0.06678475,LS8  GMP,Favorable,favorable,0.723,3.97117003041978e-07
LS_1,HSC/MPP,0.68546665,LS1  Erythroid,Favorable,favorable,0.863,0.0038578431012638
LS_27,HSC/MPP,0.62561077,LS27,Favorable,favorable,0.868,0.0039019047326213
LS_46,HSC/MPP,-0.5383558,LS46  GMP,Favorable,favorable,0.889,0.0211755567844702
LS_2,HSC/MPP,0.14995791,LS2,Favorable,favorable,0.896,0.0286140270493451
LS_40,HSC/MPP,-0.34590212,LS40,Poor,poor,1.167,2.94831253999638e-05
LS_18,HSC/MPP,-0.7783948,LS18,Poor,poor,1.175,0.0001041946247685
LS_19,HSC/MPP,0.46273726,LS19,Poor,poor,1.144,0.001073258976889
LS_28,HSC/MPP,-0.8795265,LS28  cDC,Poor,poor,1.137,0.0015005865258544
LS_25,HSC/MPP,-0.40251032,LS25  T/NK,Poor,poor,1.122,0.0056392944510229
LS_21,HSC/MPP,0.17880954,LS21,Poor,poor,1.112,0.0091750470408152
LS_9,HSC/MPP,0.07219456,LS9,Poor,poor,1.115,0.0146850369765446
LS_20,HSC/MPP,0.22620907,LS20  Cell-cycle,Poor,poor,1.102,0.0253272100154547
LS_35,GMP,0.19424288,LS35,Favorable,favorable,0.685,3.38477648497878e-10
LS_8,GMP,1.2130901,LS8  GMP,Favorable,favorable,0.723,3.97117003041978e-07
LS_1,GMP,0.09938052,LS1  Erythroid,Favorable,favorable,0.863,0.0038578431012638
LS_27,GMP,0.3382867,LS27,Favorable,favorable,0.868,0.0039019047326213
LS_46,GMP,0.84851784,LS46  GMP,Favorable,favorable,0.889,0.0211755567844702
LS_2,GMP,-0.6842394,LS2,Favorable,favorable,0.896,0.0286140270493451
LS_40,GMP,0.9819121,LS40,Poor,poor,1.167,2.94831253999638e-05
LS_18,GMP,1.5433367,LS18,Poor,poor,1.175,0.0001041946247685
LS_19,GMP,-0.52632266,LS19,Poor,poor,1.144,0.001073258976889
LS_28,GMP,-0.65446293,LS28  cDC,Poor,poor,1.137,0.0015005865258544
LS_25,GMP,-1.7174704,LS25  T/NK,Poor,poor,1.122,0.0056392944510229
LS_21,GMP,-0.7917015,LS21,Poor,poor,1.112,0.0091750470408152
LS_9,GMP,0.88286567,LS9,Poor,poor,1.115,0.0146850369765446
LS_20,GMP,0.46786824,LS20  Cell-cycle,Poor,poor,1.102,0.0253272100154547
LS_35,Neutrophil,-0.44279227,LS35,Favorable,favorable,0.685,3.38477648497878e-10
LS_8,Neutrophil,-0.06505986,LS8  GMP,Favorable,favorable,0.723,3.97117003041978e-07
LS_1,Neutrophil,0.27402407,LS1  Erythroid,Favorable,favorable,0.863,0.0038578431012638
LS_27,Neutrophil,0.11281124,LS27,Favorable,favorable,0.868,0.0039019047326213
LS_46,Neutrophil,-0.33693117,LS46  GMP,Favorable,favorable,0.889,0.0211755567844702
LS_2,Neutrophil,-0.45490718,LS2,Favorable,favorable,0.896,0.0286140270493451
LS_40,Neutrophil,-0.10112981,LS40,Poor,poor,1.167,2.94831253999638e-05
LS_18,Neutrophil,0.8487015,LS18,Poor,poor,1.175,0.0001041946247685
LS_19,Neutrophil,-0.3660559,LS19,Poor,poor,1.144,0.001073258976889
LS_28,Neutrophil,-0.26057935,LS28  cDC,Poor,poor,1.137,0.0015005865258544
LS_25,Neutrophil,-0.31894776,LS25  T/NK,Poor,poor,1.122,0.0056392944510229
LS_21,Neutrophil,-0.25566086,LS21,Poor,poor,1.112,0.0091750470408152
LS_9,Neutrophil,0.3936075,LS9,Poor,poor,1.115,0.0146850369765446
LS_20,Neutrophil,0.24822143,LS20  Cell-cycle,Poor,poor,1.102,0.0253272100154547
LS_35,Monocyte,-1.075181,LS35,Favorable,favorable,0.685,3.38477648497878e-10
LS_8,Monocyte,-0.21889648,LS8  GMP,Favorable,favorable,0.723,3.97117003041978e-07
LS_1,Monocyte,0.40791944,LS1  Erythroid,Favorable,favorable,0.863,0.0038578431012638
LS_27,Monocyte,0.07567964,LS27,Favorable,favorable,0.868,0.0039019047326213
LS_46,Monocyte,-0.4925687,LS46  GMP,Favorable,favorable,0.889,0.0211755567844702
LS_2,Monocyte,-0.95839334,LS2,Favorable,favorable,0.896,0.0286140270493451
LS_40,Monocyte,0.23045474,LS40,Poor,poor,1.167,2.94831253999638e-05
LS_18,Monocyte,1.3604102,LS18,Poor,poor,1.175,0.0001041946247685
LS_19,Monocyte,-0.65910995,LS19,Poor,poor,1.144,0.001073258976889
LS_28,Monocyte,1.2704153,LS28  cDC,Poor,poor,1.137,0.0015005865258544
LS_25,Monocyte,-0.97003716,LS25  T/NK,Poor,poor,1.122,0.0056392944510229
LS_21,Monocyte,-0.70454115,LS21,Poor,poor,1.112,0.0091750470408152
LS_9,Monocyte,0.5984148,LS9,Poor,poor,1.115,0.0146850369765446
LS_20,Monocyte,0.24747206,LS20  Cell-cycle,Poor,poor,1.102,0.0253272100154547
LS_35,Macrophage,-0.673706,LS35,Favorable,favorable,0.685,3.38477648497878e-10
LS_8,Macrophage,-0.079232074,LS8  GMP,Favorable,favorable,0.723,3.97117003041978e-07
LS_1,Macrophage,-0.05826522,LS1  Erythroid,Favorable,favorable,0.863,0.0038578431012638
LS_27,Macrophage,0.75732183,LS27,Favorable,favorable,0.868,0.0039019047326213
LS_46,Macrophage,-0.28254354,LS46  GMP,Favorable,favorable,0.889,0.0211755567844702
LS_2,Macrophage,-0.4789938,LS2,Favorable,favorable,0.896,0.0286140270493451
LS_40,Macrophage,-0.46906856,LS40,Poor,poor,1.167,2.94831253999638e-05
LS_18,Macrophage,0.06710216,LS18,Poor,poor,1.175,0.0001041946247685
LS_19,Macrophage,-0.17363328,LS19,Poor,poor,1.144,0.001073258976889
LS_28,Macrophage,1.4925319,LS28  cDC,Poor,poor,1.137,0.0015005865258544
LS_25,Macrophage,-0.7028001,LS25  T/NK,Poor,poor,1.122,0.0056392944510229
LS_21,Macrophage,-0.51124036,LS21,Poor,poor,1.112,0.0091750470408152
LS_9,Macrophage,1.0872543,LS9,Poor,poor,1.115,0.0146850369765446
LS_20,Macrophage,-0.1958466,LS20  Cell-cycle,Poor,poor,1.102,0.0253272100154547
LS_35,cDC,-0.747171,LS35,Favorable,favorable,0.685,3.38477648497878e-10
LS_8,cDC,-0.3374903,LS8  GMP,Favorable,favorable,0.723,3.97117003041978e-07
LS_1,cDC,0.5078748,LS1  Erythroid,Favorable,favorable,0.863,0.0038578431012638
LS_27,cDC,0.0027422707,LS27,Favorable,favorable,0.868,0.0039019047326213
LS_46,cDC,-0.22925276,LS46  GMP,Favorable,favorable,0.889,0.0211755567844702
LS_2,cDC,-0.62898046,LS2,Favorable,favorable,0.896,0.0286140270493451
LS_40,cDC,-0.357973,LS40,Poor,poor,1.167,2.94831253999638e-05
LS_18,cDC,0.29278883,LS18,Poor,poor,1.175,0.0001041946247685
LS_19,cDC,-0.5572767,LS19,Poor,poor,1.144,0.001073258976889
LS_28,cDC,3.9465647,LS28  cDC,Poor,poor,1.137,0.0015005865258544
LS_25,cDC,-0.33931938,LS25  T/NK,Poor,poor,1.122,0.0056392944510229
LS_21,cDC,-0.38335517,LS21,Poor,poor,1.112,0.0091750470408152
LS_9,cDC,0.079660185,LS9,Poor,poor,1.115,0.0146850369765446
LS_20,cDC,0.123227306,LS20  Cell-cycle,Poor,poor,1.102,0.0253272100154547
LS_35,pDC,-0.36171603,LS35,Favorable,favorable,0.685,3.38477648497878e-10
LS_8,pDC,-0.47518864,LS8  GMP,Favorable,favorable,0.723,3.97117003041978e-07
LS_1,pDC,1.0570296,LS1  Erythroid,Favorable,favorable,0.863,0.0038578431012638
LS_27,pDC,-0.10457993,LS27,Favorable,favorable,0.868,0.0039019047326213
LS_46,pDC,-0.37703133,LS46  GMP,Favorable,favorable,0.889,0.0211755567844702
LS_2,pDC,-0.4974314,LS2,Favorable,favorable,0.896,0.0286140270493451
LS_40,pDC,-0.48513177,LS40,Poor,poor,1.167,2.94831253999638e-05
LS_18,pDC,-0.4006648,LS18,Poor,poor,1.175,0.0001041946247685
LS_19,pDC,-0.5261427,LS19,Poor,poor,1.144,0.001073258976889
LS_28,pDC,1.1509002,LS28  cDC,Poor,poor,1.137,0.0015005865258544
LS_25,pDC,-0.63804686,LS25  T/NK,Poor,poor,1.122,0.0056392944510229
LS_21,pDC,0.3428716,LS21,Poor,poor,1.112,0.0091750470408152
LS_9,pDC,-0.07493344,LS9,Poor,poor,1.115,0.0146850369765446
LS_20,pDC,0.063508675,LS20  Cell-cycle,Poor,poor,1.102,0.0253272100154547
LS_35,T/NK,-0.96584034,LS35,Favorable,favorable,0.685,3.38477648497878e-10
LS_8,T/NK,-0.20406859,LS8  GMP,Favorable,favorable,0.723,3.97117003041978e-07
LS_1,T/NK,1.3035883,LS1  Erythroid,Favorable,favorable,0.863,0.0038578431012638
LS_27,T/NK,-0.57820845,LS27,Favorable,favorable,0.868,0.0039019047326213
LS_46,T/NK,-0.80789757,LS46  GMP,Favorable,favorable,0.889,0.0211755567844702
LS_2,T/NK,-0.61805683,LS2,Favorable,favorable,0.896,0.0286140270493451
LS_40,T/NK,0.94925433,LS40,Poor,poor,1.167,2.94831253999638e-05
LS_18,T/NK,-0.56802666,LS18,Poor,poor,1.175,0.0001041946247685
LS_19,T/NK,-0.15822957,LS19,Poor,poor,1.144,0.001073258976889
LS_28,T/NK,-0.025494669,LS28  cDC,Poor,poor,1.137,0.0015005865258544
LS_25,T/NK,1.1621927,LS25  T/NK,Poor,poor,1.122,0.0056392944510229
LS_21,T/NK,-0.33605185,LS21,Poor,poor,1.112,0.0091750470408152
LS_9,T/NK,0.29151088,LS9,Poor,poor,1.115,0.0146850369765446
LS_20,T/NK,0.8203298,LS20  Cell-cycle,Poor,poor,1.102,0.0253272100154547
LS_35,B/plasma,0.3300058,LS35,Favorable,favorable,0.685,3.38477648497878e-10
LS_8,B/plasma,-0.1470249,LS8  GMP,Favorable,favorable,0.723,3.97117003041978e-07
LS_1,B/plasma,0.6245896,LS1  Erythroid,Favorable,favorable,0.863,0.0038578431012638
LS_27,B/plasma,-0.2981913,LS27,Favorable,favorable,0.868,0.0039019047326213
LS_46,B/plasma,0.2217284,LS46  GMP,Favorable,favorable,0.889,0.0211755567844702
LS_2,B/plasma,0.014633402,LS2,Favorable,favorable,0.896,0.0286140270493451
LS_40,B/plasma,-0.7725868,LS40,Poor,poor,1.167,2.94831253999638e-05
LS_18,B/plasma,-0.7843505,LS18,Poor,poor,1.175,0.0001041946247685
LS_19,B/plasma,0.6613159,LS19,Poor,poor,1.144,0.001073258976889
LS_28,B/plasma,0.052153707,LS28  cDC,Poor,poor,1.137,0.0015005865258544
LS_25,B/plasma,-0.6087298,LS25  T/NK,Poor,poor,1.122,0.0056392944510229
LS_21,B/plasma,0.5517703,LS21,Poor,poor,1.112,0.0091750470408152
LS_9,B/plasma,-0.1813583,LS9,Poor,poor,1.115,0.0146850369765446
LS_20,B/plasma,0.16858622,LS20  Cell-cycle,Poor,poor,1.102,0.0253272100154547
LS_35,Erythroid,-0.31246555,LS35,Favorable,favorable,0.685,3.38477648497878e-10
LS_8,Erythroid,-0.28850922,LS8  GMP,Favorable,favorable,0.723,3.97117003041978e-07
LS_1,Erythroid,1.6457418,LS1  Erythroid,Favorable,favorable,0.863,0.0038578431012638
LS_27,Erythroid,0.79041284,LS27,Favorable,favorable,0.868,0.0039019047326213
LS_46,Erythroid,-0.2740629,LS46  GMP,Favorable,favorable,0.889,0.0211755567844702
LS_2,Erythroid,-0.3607323,LS2,Favorable,favorable,0.896,0.0286140270493451
LS_40,Erythroid,-0.45869556,LS40,Poor,poor,1.167,2.94831253999638e-05
LS_18,Erythroid,-0.7058019,LS18,Poor,poor,1.175,0.0001041946247685
LS_19,Erythroid,-0.6244498,LS19,Poor,poor,1.144,0.001073258976889
LS_28,Erythroid,-0.8060189,LS28  cDC,Poor,poor,1.137,0.0015005865258544
LS_25,Erythroid,-0.6986514,LS25  T/NK,Poor,poor,1.122,0.0056392944510229
LS_21,Erythroid,-0.3472253,LS21,Poor,poor,1.112,0.0091750470408152
LS_9,Erythroid,-0.14124815,LS9,Poor,poor,1.115,0.0146850369765446
LS_20,Erythroid,0.8197263,LS20  Cell-cycle,Poor,poor,1.102,0.0253272100154547
LS_35,Megakaryocyte,-0.5902448,LS35,Favorable,favorable,0.685,3.38477648497878e-10
LS_8,Megakaryocyte,-0.20774649,LS8  GMP,Favorable,favorable,0.723,3.97117003041978e-07
LS_1,Megakaryocyte,0.26799357,LS1  Erythroid,Favorable,favorable,0.863,0.0038578431012638
LS_27,Megakaryocyte,-0.21779457,LS27,Favorable,favorable,0.868,0.0039019047326213
LS_46,Megakaryocyte,-0.31823397,LS46  GMP,Favorable,favorable,0.889,0.0211755567844702
LS_2,Megakaryocyte,0.14414422,LS2,Favorable,favorable,0.896,0.0286140270493451
LS_40,Megakaryocyte,-0.77021736,LS40,Poor,poor,1.167,2.94831253999638e-05
LS_18,Megakaryocyte,-0.33862075,LS18,Poor,poor,1.175,0.0001041946247685
LS_19,Megakaryocyte,0.06895177,LS19,Poor,poor,1.144,0.001073258976889
LS_28,Megakaryocyte,-0.08531174,LS28  cDC,Poor,poor,1.137,0.0015005865258544
LS_25,Megakaryocyte,-0.2170954,LS25  T/NK,Poor,poor,1.122,0.0056392944510229
LS_21,Megakaryocyte,-0.029546147,LS21,Poor,poor,1.112,0.0091750470408152
LS_9,Megakaryocyte,-0.3127823,LS9,Poor,poor,1.115,0.0146850369765446
LS_20,Megakaryocyte,-0.010029752,LS20  Cell-cycle,Poor,poor,1.102,0.0253272100154547
LS_35,Cell-cycle,-0.41383365,LS35,Favorable,favorable,0.685,3.38477648497878e-10
LS_8,Cell-cycle,-0.58230054,LS8  GMP,Favorable,favorable,0.723,3.97117003041978e-07
LS_1,Cell-cycle,0.9658876,LS1  Erythroid,Favorable,favorable,0.863,0.0038578431012638
LS_27,Cell-cycle,0.47714895,LS27,Favorable,favorable,0.868,0.0039019047326213
LS_46,Cell-cycle,-0.38420117,LS46  GMP,Favorable,favorable,0.889,0.0211755567844702
LS_2,Cell-cycle,-0.36883026,LS2,Favorable,favorable,0.896,0.0286140270493451
LS_40,Cell-cycle,-0.12198761,LS40,Poor,poor,1.167,2.94831253999638e-05
LS_18,Cell-cycle,-0.66971713,LS18,Poor,poor,1.175,0.0001041946247685
LS_19,Cell-cycle,-0.6258195,LS19,Poor,poor,1.144,0.001073258976889
LS_28,Cell-cycle,-0.45954984,LS28  cDC,Poor,poor,1.137,0.0015005865258544
LS_25,Cell-cycle,-0.30032745,LS25  T/NK,Poor,poor,1.122,0.0056392944510229
LS_21,Cell-cycle,-0.42126882,LS21,Poor,poor,1.112,0.0091750470408152
LS_9,Cell-cycle,-0.5840476,LS9,Poor,poor,1.115,0.0146850369765446
LS_20,Cell-cycle,2.032231,LS20  Cell-cycle,Poor,poor,1.102,0.0253272100154547
LS_35,OxPhos,-0.43936715,LS35,Favorable,favorable,0.685,3.38477648497878e-10
LS_8,OxPhos,0.12857288,LS8  GMP,Favorable,favorable,0.723,3.97117003041978e-07
LS_1,OxPhos,-0.39247552,LS1  Erythroid,Favorable,favorable,0.863,0.0038578431012638
LS_27,OxPhos,-4.4331203,LS27,Favorable,favorable,0.868,0.0039019047326213
LS_46,OxPhos,-0.29863137,LS46  GMP,Favorable,favorable,0.889,0.0211755567844702
LS_2,OxPhos,-0.49760777,LS2,Favorable,favorable,0.896,0.0286140270493451
LS_40,OxPhos,1.7650858,LS40,Poor,poor,1.167,2.94831253999638e-05
LS_18,OxPhos,0.37737697,LS18,Poor,poor,1.175,0.0001041946247685
LS_19,OxPhos,-0.29679248,LS19,Poor,poor,1.144,0.001073258976889
LS_28,OxPhos,0.19017267,LS28  cDC,Poor,poor,1.137,0.0015005865258544
LS_25,OxPhos,0.17119378,LS25  T/NK,Poor,poor,1.122,0.0056392944510229
LS_21,OxPhos,-0.44108286,LS21,Poor,poor,1.112,0.0091750470408152
LS_9,OxPhos,0.44306388,LS9,Poor,poor,1.115,0.0146850369765446
LS_20,OxPhos,0.50093544,LS20  Cell-cycle,Poor,poor,1.102,0.0253272100154547
LS_35,Inflammation/IFN,-0.5890533,LS35,Favorable,favorable,0.685,3.38477648497878e-10
LS_8,Inflammation/IFN,-0.56998956,LS8  GMP,Favorable,favorable,0.723,3.97117003041978e-07
LS_1,Inflammation/IFN,0.53732985,LS1  Erythroid,Favorable,favorable,0.863,0.0038578431012638
LS_27,Inflammation/IFN,-0.66808397,LS27,Favorable,favorable,0.868,0.0039019047326213
LS_46,Inflammation/IFN,-0.9872719,LS46  GMP,Favorable,favorable,0.889,0.0211755567844702
LS_2,Inflammation/IFN,-0.6341198,LS2,Favorable,favorable,0.896,0.0286140270493451
LS_40,Inflammation/IFN,-0.703867,LS40,Poor,poor,1.167,2.94831253999638e-05
LS_18,Inflammation/IFN,-0.35597238,LS18,Poor,poor,1.175,0.0001041946247685
LS_19,Inflammation/IFN,-0.43101993,LS19,Poor,poor,1.144,0.001073258976889
LS_28,Inflammation/IFN,0.4910314,LS28  cDC,Poor,poor,1.137,0.0015005865258544
LS_25,Inflammation/IFN,-1.2843544,LS25  T/NK,Poor,poor,1.122,0.0056392944510229
LS_21,Inflammation/IFN,1.4579189,LS21,Poor,poor,1.112,0.0091750470408152
LS_9,Inflammation/IFN,-0.25088018,LS9,Poor,poor,1.115,0.0146850369765446
LS_20,Inflammation/IFN,0.65459347,LS20  Cell-cycle,Poor,poor,1.102,0.0253272100154547
