gene,group,pct,mean_expr,label,prognosis,hr
CD96,HSPC,2.41,0.0228,CD96,normal,
CD9,HSPC,7.59,0.0876,CD9,normal,
SUCNR1,HSPC,6.3,0.0702,SUCNR1,normal,
AMN,HSPC,4.63,0.0503,AMN,normal,
IL1RAP,HSPC,5.74,0.0584,IL1RAP,normal,
LMBR1L,HSPC,9.44,0.1097,LMBR1L,normal,
NRXN2,HSPC,4.44,0.048,NRXN2,normal,
FURIN,HSPC,10.0,0.1193,FURIN,normal,
UMODL1,HSPC,1.48,0.015,UMODL1,normal,
CD7,HSPC,9.07,0.1139,CD7,normal,
CD33,HSPC,16.67,0.192,CD33,normal,
CD123,HSPC,12.22,0.1442,CD123,normal,
CLL-1,HSPC,9.44,0.1035,CLL-1,normal,
CD38,HSPC,28.15,0.3495,CD38,normal,
CD70,HSPC,0.0,0.0,CD70,normal,
FLT3,HSPC,52.59,0.793,FLT3,normal,
TNFRSF4,HSPC,0.56,0.0083,TNFRSF4,normal,
ABCA7,HSPC,5.56,0.0572,ABCA7,normal,
ITGAX,HSPC,0.93,0.0099,ITGAX,normal,
CD96,Myeloid_Pro,3.28,0.0349,CD96,normal,
CD9,Myeloid_Pro,6.78,0.0816,CD9,normal,
SUCNR1,Myeloid_Pro,6.55,0.0759,SUCNR1,normal,
AMN,Myeloid_Pro,3.73,0.0405,AMN,normal,
IL1RAP,Myeloid_Pro,9.94,0.1166,IL1RAP,normal,
LMBR1L,Myeloid_Pro,4.52,0.0478,LMBR1L,normal,
NRXN2,Myeloid_Pro,6.55,0.0729,NRXN2,normal,
FURIN,Myeloid_Pro,8.36,0.095,FURIN,normal,
UMODL1,Myeloid_Pro,1.36,0.0114,UMODL1,normal,
CD7,Myeloid_Pro,3.05,0.0354,CD7,normal,
CD33,Myeloid_Pro,30.62,0.4021,CD33,normal,
CD123,Myeloid_Pro,7.68,0.0939,CD123,normal,
CLL-1,Myeloid_Pro,31.3,0.4252,CLL-1,normal,
CD38,Myeloid_Pro,22.71,0.2942,CD38,normal,
CD70,Myeloid_Pro,0.9,0.0112,CD70,normal,
FLT3,Myeloid_Pro,25.08,0.3246,FLT3,normal,
TNFRSF4,Myeloid_Pro,0.23,0.0013,TNFRSF4,normal,
ABCA7,Myeloid_Pro,10.73,0.1587,ABCA7,normal,
ITGAX,Myeloid_Pro,6.55,0.0934,ITGAX,normal,
CD96,LS_33,47.63,0.6461,CD96,favorable,0.757
CD9,LS_33,17.36,0.2053,CD9,favorable,0.757
SUCNR1,LS_33,22.0,0.2679,SUCNR1,favorable,0.757
AMN,LS_33,25.23,0.2872,AMN,favorable,0.757
IL1RAP,LS_33,15.84,0.1671,IL1RAP,favorable,0.757
LMBR1L,LS_33,20.99,0.2315,LMBR1L,favorable,0.757
NRXN2,LS_33,14.73,0.1582,NRXN2,favorable,0.757
FURIN,LS_33,20.59,0.2185,FURIN,favorable,0.757
UMODL1,LS_33,12.31,0.1251,UMODL1,favorable,0.757
CD7,LS_33,13.93,0.1798,CD7,favorable,0.757
CD33,LS_33,42.79,0.5798,CD33,favorable,0.757
CD123,LS_33,22.0,0.2498,CD123,favorable,0.757
CLL-1,LS_33,30.17,0.3765,CLL-1,favorable,0.757
CD38,LS_33,34.51,0.5007,CD38,favorable,0.757
CD70,LS_33,2.22,0.0289,CD70,favorable,0.757
FLT3,LS_33,64.88,0.9706,FLT3,favorable,0.757
TNFRSF4,LS_33,13.12,0.163,TNFRSF4,favorable,0.757
ABCA7,LS_33,10.6,0.1289,ABCA7,favorable,0.757
ITGAX,LS_33,5.65,0.0656,ITGAX,favorable,0.757
CD96,LS_45,54.38,0.642,CD96,favorable,0.813
CD9,LS_45,30.24,0.5248,CD9,favorable,0.813
SUCNR1,LS_45,5.57,0.0601,SUCNR1,favorable,0.813
AMN,LS_45,10.34,0.1002,AMN,favorable,0.813
IL1RAP,LS_45,35.28,0.3913,IL1RAP,favorable,0.813
LMBR1L,LS_45,21.49,0.2075,LMBR1L,favorable,0.813
NRXN2,LS_45,31.3,0.3148,NRXN2,favorable,0.813
FURIN,LS_45,30.5,0.284,FURIN,favorable,0.813
UMODL1,LS_45,9.81,0.1041,UMODL1,favorable,0.813
CD7,LS_45,5.57,0.0557,CD7,favorable,0.813
CD33,LS_45,42.71,0.4707,CD33,favorable,0.813
CD123,LS_45,27.32,0.2937,CD123,favorable,0.813
CLL-1,LS_45,46.95,0.535,CLL-1,favorable,0.813
CD38,LS_45,61.8,0.812,CD38,favorable,0.813
CD70,LS_45,2.39,0.0253,CD70,favorable,0.813
FLT3,LS_45,49.34,0.5712,FLT3,favorable,0.813
TNFRSF4,LS_45,1.59,0.0162,TNFRSF4,favorable,0.813
ABCA7,LS_45,3.45,0.0326,ABCA7,favorable,0.813
ITGAX,LS_45,23.08,0.2312,ITGAX,favorable,0.813
CD96,LS_28,82.04,1.0859,CD96,favorable,0.862
CD9,LS_28,2.88,0.0362,CD9,favorable,0.862
SUCNR1,LS_28,41.59,0.3843,SUCNR1,favorable,0.862
AMN,LS_28,46.21,0.4143,AMN,favorable,0.862
IL1RAP,LS_28,19.5,0.162,IL1RAP,favorable,0.862
LMBR1L,LS_28,26.8,0.2022,LMBR1L,favorable,0.862
NRXN2,LS_28,42.84,0.3679,NRXN2,favorable,0.862
FURIN,LS_28,28.63,0.2188,FURIN,favorable,0.862
UMODL1,LS_28,67.24,0.7482,UMODL1,favorable,0.862
CD7,LS_28,9.8,0.076,CD7,favorable,0.862
CD33,LS_28,55.33,0.5398,CD33,favorable,0.862
CD123,LS_28,27.28,0.2386,CD123,favorable,0.862
CLL-1,LS_28,80.98,0.9936,CLL-1,favorable,0.862
CD38,LS_28,70.32,0.7799,CD38,favorable,0.862
CD70,LS_28,1.44,0.0166,CD70,favorable,0.862
FLT3,LS_28,84.92,1.1646,FLT3,favorable,0.862
TNFRSF4,LS_28,0.58,0.0063,TNFRSF4,favorable,0.862
ABCA7,LS_28,2.31,0.0179,ABCA7,favorable,0.862
ITGAX,LS_28,2.21,0.0156,ITGAX,favorable,0.862
CD96,LS_46,0.54,0.0068,CD96,favorable,0.864
CD9,LS_46,20.6,0.2388,CD9,favorable,0.864
SUCNR1,LS_46,20.6,0.2619,SUCNR1,favorable,0.864
AMN,LS_46,36.31,0.4693,AMN,favorable,0.864
IL1RAP,LS_46,10.3,0.1397,IL1RAP,favorable,0.864
LMBR1L,LS_46,10.3,0.118,LMBR1L,favorable,0.864
NRXN2,LS_46,12.2,0.1452,NRXN2,favorable,0.864
FURIN,LS_46,13.28,0.1538,FURIN,favorable,0.864
UMODL1,LS_46,1.9,0.0233,UMODL1,favorable,0.864
CD7,LS_46,12.2,0.1328,CD7,favorable,0.864
CD33,LS_46,54.2,0.7937,CD33,favorable,0.864
CD123,LS_46,33.06,0.3982,CD123,favorable,0.864
CLL-1,LS_46,41.46,0.5468,CLL-1,favorable,0.864
CD38,LS_46,21.14,0.2953,CD38,favorable,0.864
CD70,LS_46,0.27,0.0066,CD70,favorable,0.864
FLT3,LS_46,52.03,0.7493,FLT3,favorable,0.864
TNFRSF4,LS_46,1.63,0.015,TNFRSF4,favorable,0.864
ABCA7,LS_46,10.57,0.1329,ABCA7,favorable,0.864
ITGAX,LS_46,15.45,0.1784,ITGAX,favorable,0.864
CD96,LS_11,19.65,0.436,CD96,favorable,0.889
CD9,LS_11,6.7,0.1277,CD9,favorable,0.889
SUCNR1,LS_11,7.58,0.142,SUCNR1,favorable,0.889
AMN,LS_11,4.74,0.088,AMN,favorable,0.889
IL1RAP,LS_11,19.52,0.4107,IL1RAP,favorable,0.889
LMBR1L,LS_11,12.26,0.2237,LMBR1L,favorable,0.889
NRXN2,LS_11,5.37,0.0956,NRXN2,favorable,0.889
FURIN,LS_11,6.57,0.1148,FURIN,favorable,0.889
UMODL1,LS_11,3.98,0.0661,UMODL1,favorable,0.889
CD7,LS_11,3.98,0.0641,CD7,favorable,0.889
CD33,LS_11,11.37,0.2169,CD33,favorable,0.889
CD123,LS_11,11.24,0.2074,CD123,favorable,0.889
CLL-1,LS_11,19.46,0.3973,CLL-1,favorable,0.889
CD38,LS_11,25.71,0.5831,CD38,favorable,0.889
CD70,LS_11,2.21,0.0459,CD70,favorable,0.889
FLT3,LS_11,39.17,0.9304,FLT3,favorable,0.889
TNFRSF4,LS_11,1.58,0.0289,TNFRSF4,favorable,0.889
ABCA7,LS_11,13.83,0.3118,ABCA7,favorable,0.889
ITGAX,LS_11,15.22,0.3387,ITGAX,favorable,0.889
CD96,LS_17,62.5,0.9521,CD96,favorable,0.897
CD9,LS_17,7.54,0.0963,CD9,favorable,0.897
SUCNR1,LS_17,21.12,0.2442,SUCNR1,favorable,0.897
AMN,LS_17,23.71,0.2353,AMN,favorable,0.897
IL1RAP,LS_17,20.91,0.2069,IL1RAP,favorable,0.897
LMBR1L,LS_17,25.36,0.2594,LMBR1L,favorable,0.897
NRXN2,LS_17,41.74,0.4917,NRXN2,favorable,0.897
FURIN,LS_17,24.64,0.243,FURIN,favorable,0.897
UMODL1,LS_17,19.9,0.2076,UMODL1,favorable,0.897
CD7,LS_17,9.05,0.112,CD7,favorable,0.897
CD33,LS_17,30.75,0.3831,CD33,favorable,0.897
CD123,LS_17,19.9,0.2171,CD123,favorable,0.897
CLL-1,LS_17,48.92,0.5801,CLL-1,favorable,0.897
CD38,LS_17,67.67,1.0757,CD38,favorable,0.897
CD70,LS_17,3.02,0.0372,CD70,favorable,0.897
FLT3,LS_17,79.02,1.2284,FLT3,favorable,0.897
TNFRSF4,LS_17,4.53,0.0547,TNFRSF4,favorable,0.897
ABCA7,LS_17,4.89,0.0513,ABCA7,favorable,0.897
ITGAX,LS_17,5.32,0.0538,ITGAX,favorable,0.897
CD96,LS_49,26.67,0.2596,CD96,n.s.,0.921
CD9,LS_49,6.67,0.1135,CD9,n.s.,0.921
SUCNR1,LS_49,6.67,0.0757,SUCNR1,n.s.,0.921
AMN,LS_49,13.33,0.1272,AMN,n.s.,0.921
IL1RAP,LS_49,20.0,0.1894,IL1RAP,n.s.,0.921
LMBR1L,LS_49,13.33,0.2136,LMBR1L,n.s.,0.921
NRXN2,LS_49,13.33,0.1709,NRXN2,n.s.,0.921
FURIN,LS_49,0.0,0.0,FURIN,n.s.,0.921
UMODL1,LS_49,0.0,0.0,UMODL1,n.s.,0.921
CD7,LS_49,6.67,0.1294,CD7,n.s.,0.921
CD33,LS_49,26.67,0.4284,CD33,n.s.,0.921
CD123,LS_49,20.0,0.2974,CD123,n.s.,0.921
CLL-1,LS_49,20.0,0.2365,CLL-1,n.s.,0.921
CD38,LS_49,26.67,0.4359,CD38,n.s.,0.921
CD70,LS_49,0.0,0.0,CD70,n.s.,0.921
FLT3,LS_49,33.33,0.6435,FLT3,n.s.,0.921
TNFRSF4,LS_49,20.0,0.267,TNFRSF4,n.s.,0.921
ABCA7,LS_49,13.33,0.2467,ABCA7,n.s.,0.921
ITGAX,LS_49,6.67,0.167,ITGAX,n.s.,0.921
CD96,LS_43,38.09,0.5511,CD96,n.s.,0.922
CD9,LS_43,12.2,0.1502,CD9,n.s.,0.922
SUCNR1,LS_43,11.44,0.1432,SUCNR1,n.s.,0.922
AMN,LS_43,33.21,0.449,AMN,n.s.,0.922
IL1RAP,LS_43,7.13,0.0869,IL1RAP,n.s.,0.922
LMBR1L,LS_43,13.32,0.1747,LMBR1L,n.s.,0.922
NRXN2,LS_43,18.01,0.2505,NRXN2,n.s.,0.922
FURIN,LS_43,16.32,0.2114,FURIN,n.s.,0.922
UMODL1,LS_43,8.44,0.109,UMODL1,n.s.,0.922
CD7,LS_43,37.15,0.5914,CD7,n.s.,0.922
CD33,LS_43,40.34,0.5705,CD33,n.s.,0.922
CD123,LS_43,24.58,0.315,CD123,n.s.,0.922
CLL-1,LS_43,16.7,0.2166,CLL-1,n.s.,0.922
CD38,LS_43,27.39,0.3875,CD38,n.s.,0.922
CD70,LS_43,0.0,0.0,CD70,n.s.,0.922
FLT3,LS_43,57.97,0.9694,FLT3,n.s.,0.922
TNFRSF4,LS_43,2.63,0.0302,TNFRSF4,n.s.,0.922
ABCA7,LS_43,7.32,0.0918,ABCA7,n.s.,0.922
ITGAX,LS_43,7.69,0.0944,ITGAX,n.s.,0.922
CD96,LS_29,2.23,0.0312,CD96,n.s.,0.946
CD9,LS_29,9.12,0.1272,CD9,n.s.,0.946
SUCNR1,LS_29,4.07,0.0594,SUCNR1,n.s.,0.946
AMN,LS_29,5.04,0.073,AMN,n.s.,0.946
IL1RAP,LS_29,7.95,0.0961,IL1RAP,n.s.,0.946
LMBR1L,LS_29,9.02,0.1193,LMBR1L,n.s.,0.946
NRXN2,LS_29,4.75,0.0609,NRXN2,n.s.,0.946
FURIN,LS_29,13.39,0.1805,FURIN,n.s.,0.946
UMODL1,LS_29,0.48,0.0056,UMODL1,n.s.,0.946
CD7,LS_29,3.3,0.0449,CD7,n.s.,0.946
CD33,LS_29,42.1,0.6643,CD33,n.s.,0.946
CD123,LS_29,17.36,0.2441,CD123,n.s.,0.946
CLL-1,LS_29,48.01,0.7427,CLL-1,n.s.,0.946
CD38,LS_29,16.49,0.2336,CD38,n.s.,0.946
CD70,LS_29,3.1,0.0476,CD70,n.s.,0.946
FLT3,LS_29,34.04,0.5303,FLT3,n.s.,0.946
TNFRSF4,LS_29,0.58,0.0074,TNFRSF4,n.s.,0.946
ABCA7,LS_29,18.91,0.2945,ABCA7,n.s.,0.946
ITGAX,LS_29,25.99,0.3918,ITGAX,n.s.,0.946
CD96,LS_4,20.35,0.2594,CD96,n.s.,0.948
CD9,LS_4,44.9,0.7464,CD9,n.s.,0.948
SUCNR1,LS_4,14.75,0.1789,SUCNR1,n.s.,0.948
AMN,LS_4,15.56,0.1891,AMN,n.s.,0.948
IL1RAP,LS_4,23.43,0.2949,IL1RAP,n.s.,0.948
LMBR1L,LS_4,16.36,0.2052,LMBR1L,n.s.,0.948
NRXN2,LS_4,16.26,0.1928,NRXN2,n.s.,0.948
FURIN,LS_4,19.7,0.2401,FURIN,n.s.,0.948
UMODL1,LS_4,7.53,0.086,UMODL1,n.s.,0.948
CD7,LS_4,6.11,0.0846,CD7,n.s.,0.948
CD33,LS_4,33.54,0.4649,CD33,n.s.,0.948
CD123,LS_4,37.83,0.5236,CD123,n.s.,0.948
CLL-1,LS_4,26.72,0.3529,CLL-1,n.s.,0.948
CD38,LS_4,22.58,0.3133,CD38,n.s.,0.948
CD70,LS_4,4.49,0.0742,CD70,n.s.,0.948
FLT3,LS_4,42.63,0.6374,FLT3,n.s.,0.948
TNFRSF4,LS_4,15.81,0.2622,TNFRSF4,n.s.,0.948
ABCA7,LS_4,16.01,0.2699,ABCA7,n.s.,0.948
ITGAX,LS_4,14.19,0.2044,ITGAX,n.s.,0.948
CD96,LS_42,8.15,0.1614,CD96,n.s.,0.952
CD9,LS_42,8.7,0.1795,CD9,n.s.,0.952
SUCNR1,LS_42,5.93,0.1161,SUCNR1,n.s.,0.952
AMN,LS_42,2.04,0.0265,AMN,n.s.,0.952
IL1RAP,LS_42,7.41,0.0834,IL1RAP,n.s.,0.952
LMBR1L,LS_42,14.44,0.1031,LMBR1L,n.s.,0.952
NRXN2,LS_42,2.78,0.0548,NRXN2,n.s.,0.952
FURIN,LS_42,17.59,0.1376,FURIN,n.s.,0.952
UMODL1,LS_42,1.3,0.024,UMODL1,n.s.,0.952
CD7,LS_42,13.33,0.1546,CD7,n.s.,0.952
CD33,LS_42,18.52,0.2139,CD33,n.s.,0.952
CD123,LS_42,5.56,0.0965,CD123,n.s.,0.952
CLL-1,LS_42,5.37,0.0825,CLL-1,n.s.,0.952
CD38,LS_42,30.74,0.376,CD38,n.s.,0.952
CD70,LS_42,3.15,0.0314,CD70,n.s.,0.952
FLT3,LS_42,13.33,0.2493,FLT3,n.s.,0.952
TNFRSF4,LS_42,1.11,0.0152,TNFRSF4,n.s.,0.952
ABCA7,LS_42,9.44,0.0962,ABCA7,n.s.,0.952
ITGAX,LS_42,1.85,0.031,ITGAX,n.s.,0.952
CD96,LS_30,17.93,0.3532,CD96,n.s.,0.954
CD9,LS_30,14.58,0.2836,CD9,n.s.,0.954
SUCNR1,LS_30,10.54,0.1936,SUCNR1,n.s.,0.954
AMN,LS_30,6.21,0.1102,AMN,n.s.,0.954
IL1RAP,LS_30,7.88,0.1368,IL1RAP,n.s.,0.954
LMBR1L,LS_30,5.62,0.0946,LMBR1L,n.s.,0.954
NRXN2,LS_30,7.59,0.1345,NRXN2,n.s.,0.954
FURIN,LS_30,6.5,0.1114,FURIN,n.s.,0.954
UMODL1,LS_30,4.93,0.0851,UMODL1,n.s.,0.954
CD7,LS_30,8.67,0.1747,CD7,n.s.,0.954
CD33,LS_30,11.92,0.2228,CD33,n.s.,0.954
CD123,LS_30,9.75,0.1763,CD123,n.s.,0.954
CLL-1,LS_30,15.17,0.2862,CLL-1,n.s.,0.954
CD38,LS_30,22.76,0.4512,CD38,n.s.,0.954
CD70,LS_30,3.05,0.0734,CD70,n.s.,0.954
FLT3,LS_30,28.97,0.593,FLT3,n.s.,0.954
TNFRSF4,LS_30,2.76,0.058,TNFRSF4,n.s.,0.954
ABCA7,LS_30,5.22,0.1138,ABCA7,n.s.,0.954
ITGAX,LS_30,5.81,0.1263,ITGAX,n.s.,0.954
CD96,LS_8,52.89,0.708,CD96,n.s.,0.957
CD9,LS_8,36.44,0.5815,CD9,n.s.,0.957
SUCNR1,LS_8,25.59,0.2895,SUCNR1,n.s.,0.957
AMN,LS_8,18.99,0.1996,AMN,n.s.,0.957
IL1RAP,LS_8,40.33,0.4801,IL1RAP,n.s.,0.957
LMBR1L,LS_8,31.72,0.3434,LMBR1L,n.s.,0.957
NRXN2,LS_8,34.67,0.4145,NRXN2,n.s.,0.957
FURIN,LS_8,22.11,0.2295,FURIN,n.s.,0.957
UMODL1,LS_8,23.17,0.2427,UMODL1,n.s.,0.957
CD7,LS_8,8.2,0.0896,CD7,n.s.,0.957
CD33,LS_8,42.57,0.5361,CD33,n.s.,0.957
CD123,LS_8,45.64,0.5605,CD123,n.s.,0.957
CLL-1,LS_8,50.83,0.7034,CLL-1,n.s.,0.957
CD38,LS_8,45.46,0.6238,CD38,n.s.,0.957
CD70,LS_8,3.24,0.0402,CD70,n.s.,0.957
FLT3,LS_8,70.17,1.0409,FLT3,n.s.,0.957
TNFRSF4,LS_8,10.32,0.1554,TNFRSF4,n.s.,0.957
ABCA7,LS_8,6.84,0.0766,ABCA7,n.s.,0.957
ITGAX,LS_8,13.27,0.1388,ITGAX,n.s.,0.957
CD96,LS_14,23.89,0.3593,CD96,n.s.,0.971
CD9,LS_14,19.47,0.3257,CD9,n.s.,0.971
SUCNR1,LS_14,11.13,0.1396,SUCNR1,n.s.,0.971
AMN,LS_14,10.94,0.1274,AMN,n.s.,0.971
IL1RAP,LS_14,10.22,0.121,IL1RAP,n.s.,0.971
LMBR1L,LS_14,20.44,0.2478,LMBR1L,n.s.,0.971
NRXN2,LS_14,9.7,0.1243,NRXN2,n.s.,0.971
FURIN,LS_14,23.63,0.2881,FURIN,n.s.,0.971
UMODL1,LS_14,4.3,0.052,UMODL1,n.s.,0.971
CD7,LS_14,18.68,0.3067,CD7,n.s.,0.971
CD33,LS_14,30.08,0.4349,CD33,n.s.,0.971
CD123,LS_14,23.76,0.333,CD123,n.s.,0.971
CLL-1,LS_14,18.36,0.2623,CLL-1,n.s.,0.971
CD38,LS_14,48.76,0.8625,CD38,n.s.,0.971
CD70,LS_14,1.76,0.0255,CD70,n.s.,0.971
FLT3,LS_14,21.35,0.2999,FLT3,n.s.,0.971
TNFRSF4,LS_14,2.47,0.0274,TNFRSF4,n.s.,0.971
ABCA7,LS_14,15.89,0.2049,ABCA7,n.s.,0.971
ITGAX,LS_14,4.04,0.0534,ITGAX,n.s.,0.971
CD96,LS_37,16.13,0.2666,CD96,n.s.,0.987
CD9,LS_37,57.52,1.0341,CD9,n.s.,0.987
SUCNR1,LS_37,12.64,0.1862,SUCNR1,n.s.,0.987
AMN,LS_37,31.29,0.4233,AMN,n.s.,0.987
IL1RAP,LS_37,15.64,0.1987,IL1RAP,n.s.,0.987
LMBR1L,LS_37,14.2,0.1747,LMBR1L,n.s.,0.987
NRXN2,LS_37,23.23,0.3064,NRXN2,n.s.,0.987
FURIN,LS_37,14.56,0.1818,FURIN,n.s.,0.987
UMODL1,LS_37,25.51,0.3512,UMODL1,n.s.,0.987
CD7,LS_37,46.81,0.9933,CD7,n.s.,0.987
CD33,LS_37,20.94,0.2872,CD33,n.s.,0.987
CD123,LS_37,38.03,0.5462,CD123,n.s.,0.987
CLL-1,LS_37,17.09,0.2366,CLL-1,n.s.,0.987
CD38,LS_37,51.5,0.826,CD38,n.s.,0.987
CD70,LS_37,16.25,0.2457,CD70,n.s.,0.987
FLT3,LS_37,61.25,1.0567,FLT3,n.s.,0.987
TNFRSF4,LS_37,10.83,0.1705,TNFRSF4,n.s.,0.987
ABCA7,LS_37,12.52,0.1666,ABCA7,n.s.,0.987
ITGAX,LS_37,3.25,0.047,ITGAX,n.s.,0.987
CD96,LS_2,50.0,0.5829,CD96,n.s.,0.989
CD9,LS_2,58.92,0.7123,CD9,n.s.,0.989
SUCNR1,LS_2,17.89,0.1795,SUCNR1,n.s.,0.989
AMN,LS_2,34.66,0.3635,AMN,n.s.,0.989
IL1RAP,LS_2,37.46,0.3534,IL1RAP,n.s.,0.989
LMBR1L,LS_2,23.6,0.2111,LMBR1L,n.s.,0.989
NRXN2,LS_2,9.83,0.0925,NRXN2,n.s.,0.989
FURIN,LS_2,19.65,0.1712,FURIN,n.s.,0.989
UMODL1,LS_2,36.68,0.3629,UMODL1,n.s.,0.989
CD7,LS_2,2.06,0.0244,CD7,n.s.,0.989
CD33,LS_2,31.91,0.3391,CD33,n.s.,0.989
CD123,LS_2,35.94,0.3683,CD123,n.s.,0.989
CLL-1,LS_2,27.96,0.2772,CLL-1,n.s.,0.989
CD38,LS_2,54.89,0.6258,CD38,n.s.,0.989
CD70,LS_2,0.66,0.0056,CD70,n.s.,0.989
FLT3,LS_2,68.13,0.9233,FLT3,n.s.,0.989
TNFRSF4,LS_2,4.11,0.0372,TNFRSF4,n.s.,0.989
ABCA7,LS_2,4.73,0.0419,ABCA7,n.s.,0.989
ITGAX,LS_2,2.43,0.0254,ITGAX,n.s.,0.989
CD96,LS_5,42.7,0.5986,CD96,n.s.,0.992
CD9,LS_5,18.52,0.2377,CD9,n.s.,0.992
SUCNR1,LS_5,18.58,0.2265,SUCNR1,n.s.,0.992
AMN,LS_5,22.99,0.2615,AMN,n.s.,0.992
IL1RAP,LS_5,27.57,0.3341,IL1RAP,n.s.,0.992
LMBR1L,LS_5,26.6,0.2945,LMBR1L,n.s.,0.992
NRXN2,LS_5,30.21,0.3691,NRXN2,n.s.,0.992
FURIN,LS_5,21.06,0.2263,FURIN,n.s.,0.992
UMODL1,LS_5,13.62,0.1516,UMODL1,n.s.,0.992
CD7,LS_5,9.15,0.1172,CD7,n.s.,0.992
CD33,LS_5,19.22,0.2591,CD33,n.s.,0.992
CD123,LS_5,34.46,0.4256,CD123,n.s.,0.992
CLL-1,LS_5,47.28,0.6533,CLL-1,n.s.,0.992
CD38,LS_5,52.83,0.7838,CD38,n.s.,0.992
CD70,LS_5,7.7,0.0968,CD70,n.s.,0.992
FLT3,LS_5,78.94,1.3537,FLT3,n.s.,0.992
TNFRSF4,LS_5,4.63,0.0566,TNFRSF4,n.s.,0.992
ABCA7,LS_5,8.13,0.0916,ABCA7,n.s.,0.992
ITGAX,LS_5,5.01,0.0552,ITGAX,n.s.,0.992
CD96,LS_44,12.32,0.1223,CD96,n.s.,0.993
CD9,LS_44,20.69,0.261,CD9,n.s.,0.993
SUCNR1,LS_44,1.72,0.017,SUCNR1,n.s.,0.993
AMN,LS_44,6.65,0.0533,AMN,n.s.,0.993
IL1RAP,LS_44,20.69,0.1925,IL1RAP,n.s.,0.993
LMBR1L,LS_44,30.3,0.2676,LMBR1L,n.s.,0.993
NRXN2,LS_44,17.24,0.152,NRXN2,n.s.,0.993
FURIN,LS_44,25.86,0.2371,FURIN,n.s.,0.993
UMODL1,LS_44,2.22,0.021,UMODL1,n.s.,0.993
CD7,LS_44,14.04,0.121,CD7,n.s.,0.993
CD33,LS_44,62.32,0.702,CD33,n.s.,0.993
CD123,LS_44,25.12,0.2473,CD123,n.s.,0.993
CLL-1,LS_44,64.78,0.8021,CLL-1,n.s.,0.993
CD38,LS_44,30.54,0.3005,CD38,n.s.,0.993
CD70,LS_44,7.14,0.0734,CD70,n.s.,0.993
FLT3,LS_44,49.51,0.5431,FLT3,n.s.,0.993
TNFRSF4,LS_44,0.25,0.0023,TNFRSF4,n.s.,0.993
ABCA7,LS_44,3.45,0.0354,ABCA7,n.s.,0.993
ITGAX,LS_44,19.95,0.1986,ITGAX,n.s.,0.993
CD96,LS_3,33.03,0.3913,CD96,n.s.,0.998
CD9,LS_3,22.84,0.2681,CD9,n.s.,0.998
SUCNR1,LS_3,26.03,0.2917,SUCNR1,n.s.,0.998
AMN,LS_3,21.42,0.2063,AMN,n.s.,0.998
IL1RAP,LS_3,21.58,0.2039,IL1RAP,n.s.,0.998
LMBR1L,LS_3,11.82,0.0978,LMBR1L,n.s.,0.998
NRXN2,LS_3,23.6,0.2288,NRXN2,n.s.,0.998
FURIN,LS_3,18.32,0.1663,FURIN,n.s.,0.998
UMODL1,LS_3,11.86,0.1087,UMODL1,n.s.,0.998
CD7,LS_3,13.96,0.188,CD7,n.s.,0.998
CD33,LS_3,43.34,0.5211,CD33,n.s.,0.998
CD123,LS_3,24.1,0.2439,CD123,n.s.,0.998
CLL-1,LS_3,40.19,0.4745,CLL-1,n.s.,0.998
CD38,LS_3,42.2,0.5466,CD38,n.s.,0.998
CD70,LS_3,5.83,0.0775,CD70,n.s.,0.998
FLT3,LS_3,63.12,0.8791,FLT3,n.s.,0.998
TNFRSF4,LS_3,4.4,0.0493,TNFRSF4,n.s.,0.998
ABCA7,LS_3,14.42,0.1657,ABCA7,n.s.,0.998
ITGAX,LS_3,7.88,0.0864,ITGAX,n.s.,0.998
CD96,LS_9,9.06,0.1815,CD96,n.s.,1.0
CD9,LS_9,11.04,0.2368,CD9,n.s.,1.0
SUCNR1,LS_9,4.74,0.0924,SUCNR1,n.s.,1.0
AMN,LS_9,5.1,0.0864,AMN,n.s.,1.0
IL1RAP,LS_9,6.24,0.1192,IL1RAP,n.s.,1.0
LMBR1L,LS_9,5.58,0.0998,LMBR1L,n.s.,1.0
NRXN2,LS_9,5.94,0.1025,NRXN2,n.s.,1.0
FURIN,LS_9,6.9,0.1323,FURIN,n.s.,1.0
UMODL1,LS_9,3.48,0.0584,UMODL1,n.s.,1.0
CD7,LS_9,5.28,0.1195,CD7,n.s.,1.0
CD33,LS_9,12.85,0.2525,CD33,n.s.,1.0
CD123,LS_9,11.94,0.2232,CD123,n.s.,1.0
CLL-1,LS_9,12.12,0.2431,CLL-1,n.s.,1.0
CD38,LS_9,10.2,0.2127,CD38,n.s.,1.0
CD70,LS_9,4.02,0.0965,CD70,n.s.,1.0
FLT3,LS_9,20.17,0.4229,FLT3,n.s.,1.0
TNFRSF4,LS_9,6.12,0.1291,TNFRSF4,n.s.,1.0
ABCA7,LS_9,17.35,0.4479,ABCA7,n.s.,1.0
ITGAX,LS_9,9.06,0.2123,ITGAX,n.s.,1.0
CD96,LS_7,6.52,0.0931,CD96,n.s.,1.002
CD9,LS_7,15.8,0.2692,CD9,n.s.,1.002
SUCNR1,LS_7,2.82,0.0399,SUCNR1,n.s.,1.002
AMN,LS_7,2.58,0.0301,AMN,n.s.,1.002
IL1RAP,LS_7,6.87,0.0916,IL1RAP,n.s.,1.002
LMBR1L,LS_7,7.34,0.1032,LMBR1L,n.s.,1.002
NRXN2,LS_7,2.23,0.0296,NRXN2,n.s.,1.002
FURIN,LS_7,14.86,0.2223,FURIN,n.s.,1.002
UMODL1,LS_7,1.41,0.0159,UMODL1,n.s.,1.002
CD7,LS_7,6.4,0.1069,CD7,n.s.,1.002
CD33,LS_7,27.6,0.432,CD33,n.s.,1.002
CD123,LS_7,15.38,0.2419,CD123,n.s.,1.002
CLL-1,LS_7,33.88,0.573,CLL-1,n.s.,1.002
CD38,LS_7,9.51,0.1381,CD38,n.s.,1.002
CD70,LS_7,6.87,0.1254,CD70,n.s.,1.002
FLT3,LS_7,13.92,0.2331,FLT3,n.s.,1.002
TNFRSF4,LS_7,1.64,0.0304,TNFRSF4,n.s.,1.002
ABCA7,LS_7,19.14,0.3467,ABCA7,n.s.,1.002
ITGAX,LS_7,35.11,0.6166,ITGAX,n.s.,1.002
CD96,LS_32,8.38,0.1132,CD96,n.s.,1.005
CD9,LS_32,8.27,0.1228,CD9,n.s.,1.005
SUCNR1,LS_32,18.57,0.2595,SUCNR1,n.s.,1.005
AMN,LS_32,12.41,0.1717,AMN,n.s.,1.005
IL1RAP,LS_32,14.33,0.1871,IL1RAP,n.s.,1.005
LMBR1L,LS_32,11.4,0.1525,LMBR1L,n.s.,1.005
NRXN2,LS_32,27.35,0.3992,NRXN2,n.s.,1.005
FURIN,LS_32,18.16,0.2362,FURIN,n.s.,1.005
UMODL1,LS_32,2.42,0.0294,UMODL1,n.s.,1.005
CD7,LS_32,6.16,0.0945,CD7,n.s.,1.005
CD33,LS_32,27.04,0.4173,CD33,n.s.,1.005
CD123,LS_32,18.16,0.2439,CD123,n.s.,1.005
CLL-1,LS_32,28.86,0.4349,CLL-1,n.s.,1.005
CD38,LS_32,24.82,0.3831,CD38,n.s.,1.005
CD70,LS_32,2.32,0.0383,CD70,n.s.,1.005
FLT3,LS_32,43.29,0.6985,FLT3,n.s.,1.005
TNFRSF4,LS_32,4.64,0.0788,TNFRSF4,n.s.,1.005
ABCA7,LS_32,8.38,0.1337,ABCA7,n.s.,1.005
ITGAX,LS_32,9.59,0.1409,ITGAX,n.s.,1.005
CD96,LS_22,21.86,0.3104,CD96,n.s.,1.009
CD9,LS_22,2.93,0.0376,CD9,n.s.,1.009
SUCNR1,LS_22,23.67,0.3356,SUCNR1,n.s.,1.009
AMN,LS_22,15.83,0.2076,AMN,n.s.,1.009
IL1RAP,LS_22,9.47,0.1149,IL1RAP,n.s.,1.009
LMBR1L,LS_22,9.21,0.1178,LMBR1L,n.s.,1.009
NRXN2,LS_22,9.55,0.1232,NRXN2,n.s.,1.009
FURIN,LS_22,17.3,0.2326,FURIN,n.s.,1.009
UMODL1,LS_22,2.32,0.0237,UMODL1,n.s.,1.009
CD7,LS_22,3.61,0.0491,CD7,n.s.,1.009
CD33,LS_22,40.45,0.6431,CD33,n.s.,1.009
CD123,LS_22,8.69,0.1195,CD123,n.s.,1.009
CLL-1,LS_22,42.34,0.6748,CLL-1,n.s.,1.009
CD38,LS_22,31.07,0.4839,CD38,n.s.,1.009
CD70,LS_22,0.95,0.0124,CD70,n.s.,1.009
FLT3,LS_22,28.49,0.4026,FLT3,n.s.,1.009
TNFRSF4,LS_22,2.5,0.0331,TNFRSF4,n.s.,1.009
ABCA7,LS_22,8.78,0.1343,ABCA7,n.s.,1.009
ITGAX,LS_22,4.73,0.0619,ITGAX,n.s.,1.009
CD96,LS_36,48.2,0.5247,CD96,n.s.,1.012
CD9,LS_36,85.28,1.4251,CD9,n.s.,1.012
SUCNR1,LS_36,20.16,0.1962,SUCNR1,n.s.,1.012
AMN,LS_36,28.27,0.2814,AMN,n.s.,1.012
IL1RAP,LS_36,45.65,0.5012,IL1RAP,n.s.,1.012
LMBR1L,LS_36,26.3,0.2292,LMBR1L,n.s.,1.012
NRXN2,LS_36,10.78,0.1051,NRXN2,n.s.,1.012
FURIN,LS_36,22.71,0.2001,FURIN,n.s.,1.012
UMODL1,LS_36,25.14,0.229,UMODL1,n.s.,1.012
CD7,LS_36,4.06,0.0489,CD7,n.s.,1.012
CD33,LS_36,31.98,0.3308,CD33,n.s.,1.012
CD123,LS_36,59.56,0.674,CD123,n.s.,1.012
CLL-1,LS_36,32.33,0.3327,CLL-1,n.s.,1.012
CD38,LS_36,38.82,0.418,CD38,n.s.,1.012
CD70,LS_36,3.13,0.0346,CD70,n.s.,1.012
FLT3,LS_36,65.12,0.8739,FLT3,n.s.,1.012
TNFRSF4,LS_36,8.57,0.0864,TNFRSF4,n.s.,1.012
ABCA7,LS_36,8.69,0.0723,ABCA7,n.s.,1.012
ITGAX,LS_36,8.92,0.0875,ITGAX,n.s.,1.012
CD96,LS_39,41.75,0.486,CD96,n.s.,1.014
CD9,LS_39,32.87,0.4064,CD9,n.s.,1.014
SUCNR1,LS_39,24.11,0.2384,SUCNR1,n.s.,1.014
AMN,LS_39,17.26,0.1333,AMN,n.s.,1.014
IL1RAP,LS_39,22.08,0.1697,IL1RAP,n.s.,1.014
LMBR1L,LS_39,20.56,0.1415,LMBR1L,n.s.,1.014
NRXN2,LS_39,28.81,0.2833,NRXN2,n.s.,1.014
FURIN,LS_39,23.6,0.1781,FURIN,n.s.,1.014
UMODL1,LS_39,16.24,0.133,UMODL1,n.s.,1.014
CD7,LS_39,15.86,0.1927,CD7,n.s.,1.014
CD33,LS_39,44.29,0.4561,CD33,n.s.,1.014
CD123,LS_39,30.58,0.307,CD123,n.s.,1.014
CLL-1,LS_39,48.35,0.5534,CLL-1,n.s.,1.014
CD38,LS_39,54.7,0.6714,CD38,n.s.,1.014
CD70,LS_39,3.17,0.043,CD70,n.s.,1.014
FLT3,LS_39,56.73,0.6844,FLT3,n.s.,1.014
TNFRSF4,LS_39,3.43,0.0283,TNFRSF4,n.s.,1.014
ABCA7,LS_39,15.86,0.15,ABCA7,n.s.,1.014
ITGAX,LS_39,9.9,0.0971,ITGAX,n.s.,1.014
CD96,LS_24,32.25,0.4033,CD96,n.s.,1.033
CD9,LS_24,12.41,0.1608,CD9,n.s.,1.033
SUCNR1,LS_24,37.68,0.4616,SUCNR1,n.s.,1.033
AMN,LS_24,21.01,0.2301,AMN,n.s.,1.033
IL1RAP,LS_24,22.01,0.236,IL1RAP,n.s.,1.033
LMBR1L,LS_24,20.92,0.2209,LMBR1L,n.s.,1.033
NRXN2,LS_24,12.32,0.1458,NRXN2,n.s.,1.033
FURIN,LS_24,18.66,0.1958,FURIN,n.s.,1.033
UMODL1,LS_24,11.23,0.1186,UMODL1,n.s.,1.033
CD7,LS_24,10.42,0.1374,CD7,n.s.,1.033
CD33,LS_24,68.12,1.0484,CD33,n.s.,1.033
CD123,LS_24,31.34,0.3618,CD123,n.s.,1.033
CLL-1,LS_24,37.14,0.4374,CLL-1,n.s.,1.033
CD38,LS_24,38.77,0.4743,CD38,n.s.,1.033
CD70,LS_24,1.18,0.0128,CD70,n.s.,1.033
FLT3,LS_24,75.36,1.1591,FLT3,n.s.,1.033
TNFRSF4,LS_24,21.56,0.2975,TNFRSF4,n.s.,1.033
ABCA7,LS_24,6.79,0.0705,ABCA7,n.s.,1.033
ITGAX,LS_24,4.08,0.0421,ITGAX,n.s.,1.033
CD96,LS_16,0.79,0.014,CD96,n.s.,1.035
CD9,LS_16,6.03,0.114,CD9,n.s.,1.035
SUCNR1,LS_16,1.94,0.0343,SUCNR1,n.s.,1.035
AMN,LS_16,0.57,0.011,AMN,n.s.,1.035
IL1RAP,LS_16,5.95,0.0883,IL1RAP,n.s.,1.035
LMBR1L,LS_16,6.31,0.1014,LMBR1L,n.s.,1.035
NRXN2,LS_16,0.36,0.0056,NRXN2,n.s.,1.035
FURIN,LS_16,11.62,0.1927,FURIN,n.s.,1.035
UMODL1,LS_16,0.43,0.0076,UMODL1,n.s.,1.035
CD7,LS_16,0.86,0.0148,CD7,n.s.,1.035
CD33,LS_16,29.77,0.5281,CD33,n.s.,1.035
CD123,LS_16,2.65,0.042,CD123,n.s.,1.035
CLL-1,LS_16,39.02,0.7412,CLL-1,n.s.,1.035
CD38,LS_16,4.95,0.0846,CD38,n.s.,1.035
CD70,LS_16,0.29,0.005,CD70,n.s.,1.035
FLT3,LS_16,5.31,0.0905,FLT3,n.s.,1.035
TNFRSF4,LS_16,0.07,0.002,TNFRSF4,n.s.,1.035
ABCA7,LS_16,9.18,0.1601,ABCA7,n.s.,1.035
ITGAX,LS_16,17.86,0.3079,ITGAX,n.s.,1.035
CD96,LS_1,11.25,0.3165,CD96,n.s.,1.041
CD9,LS_1,6.73,0.1869,CD9,n.s.,1.041
SUCNR1,LS_1,6.31,0.1776,SUCNR1,n.s.,1.041
AMN,LS_1,2.96,0.077,AMN,n.s.,1.041
IL1RAP,LS_1,4.05,0.1103,IL1RAP,n.s.,1.041
LMBR1L,LS_1,3.08,0.082,LMBR1L,n.s.,1.041
NRXN2,LS_1,2.72,0.0717,NRXN2,n.s.,1.041
FURIN,LS_1,3.62,0.0944,FURIN,n.s.,1.041
UMODL1,LS_1,3.19,0.0812,UMODL1,n.s.,1.041
CD7,LS_1,6.38,0.1737,CD7,n.s.,1.041
CD33,LS_1,5.14,0.1313,CD33,n.s.,1.041
CD123,LS_1,5.14,0.1349,CD123,n.s.,1.041
CLL-1,LS_1,8.45,0.2293,CLL-1,n.s.,1.041
CD38,LS_1,13.47,0.3785,CD38,n.s.,1.041
CD70,LS_1,0.7,0.0193,CD70,n.s.,1.041
FLT3,LS_1,18.49,0.5201,FLT3,n.s.,1.041
TNFRSF4,LS_1,1.05,0.0279,TNFRSF4,n.s.,1.041
ABCA7,LS_1,2.14,0.0593,ABCA7,n.s.,1.041
ITGAX,LS_1,1.56,0.0442,ITGAX,n.s.,1.041
CD96,LS_6,42.5,0.5018,CD96,n.s.,1.047
CD9,LS_6,33.73,0.4153,CD9,n.s.,1.047
SUCNR1,LS_6,32.25,0.3947,SUCNR1,n.s.,1.047
AMN,LS_6,29.21,0.2966,AMN,n.s.,1.047
IL1RAP,LS_6,35.74,0.3907,IL1RAP,n.s.,1.047
LMBR1L,LS_6,30.64,0.3056,LMBR1L,n.s.,1.047
NRXN2,LS_6,32.36,0.3792,NRXN2,n.s.,1.047
FURIN,LS_6,27.95,0.2867,FURIN,n.s.,1.047
UMODL1,LS_6,29.15,0.3217,UMODL1,n.s.,1.047
CD7,LS_6,19.64,0.3348,CD7,n.s.,1.047
CD33,LS_6,56.07,0.7241,CD33,n.s.,1.047
CD123,LS_6,63.97,0.872,CD123,n.s.,1.047
CLL-1,LS_6,42.78,0.5203,CLL-1,n.s.,1.047
CD38,LS_6,34.54,0.4481,CD38,n.s.,1.047
CD70,LS_6,0.69,0.0102,CD70,n.s.,1.047
FLT3,LS_6,82.99,1.3934,FLT3,n.s.,1.047
TNFRSF4,LS_6,39.58,0.6812,TNFRSF4,n.s.,1.047
ABCA7,LS_6,18.61,0.1934,ABCA7,n.s.,1.047
ITGAX,LS_6,19.01,0.2108,ITGAX,n.s.,1.047
CD96,LS_25,57.67,0.8527,CD96,n.s.,1.048
CD9,LS_25,11.85,0.1661,CD9,n.s.,1.048
SUCNR1,LS_25,26.54,0.3515,SUCNR1,n.s.,1.048
AMN,LS_25,14.14,0.1819,AMN,n.s.,1.048
IL1RAP,LS_25,20.75,0.2578,IL1RAP,n.s.,1.048
LMBR1L,LS_25,22.68,0.2552,LMBR1L,n.s.,1.048
NRXN2,LS_25,12.3,0.1558,NRXN2,n.s.,1.048
FURIN,LS_25,17.72,0.1929,FURIN,n.s.,1.048
UMODL1,LS_25,30.03,0.3934,UMODL1,n.s.,1.048
CD7,LS_25,41.69,0.7519,CD7,n.s.,1.048
CD33,LS_25,17.72,0.2362,CD33,n.s.,1.048
CD123,LS_25,25.71,0.3348,CD123,n.s.,1.048
CLL-1,LS_25,42.88,0.5775,CLL-1,n.s.,1.048
CD38,LS_25,65.38,1.1648,CD38,n.s.,1.048
CD70,LS_25,1.56,0.0202,CD70,n.s.,1.048
FLT3,LS_25,72.45,1.2126,FLT3,n.s.,1.048
TNFRSF4,LS_25,4.32,0.0536,TNFRSF4,n.s.,1.048
ABCA7,LS_25,8.72,0.1104,ABCA7,n.s.,1.048
ITGAX,LS_25,6.8,0.0841,ITGAX,n.s.,1.048
CD96,LS_34,36.26,0.5923,CD96,n.s.,1.052
CD9,LS_34,27.06,0.5011,CD9,n.s.,1.052
SUCNR1,LS_34,2.51,0.0347,SUCNR1,n.s.,1.052
AMN,LS_34,3.45,0.0448,AMN,n.s.,1.052
IL1RAP,LS_34,9.51,0.1351,IL1RAP,n.s.,1.052
LMBR1L,LS_34,24.03,0.3499,LMBR1L,n.s.,1.052
NRXN2,LS_34,7.73,0.1026,NRXN2,n.s.,1.052
FURIN,LS_34,17.03,0.2418,FURIN,n.s.,1.052
UMODL1,LS_34,0.31,0.0034,UMODL1,n.s.,1.052
CD7,LS_34,2.09,0.0339,CD7,n.s.,1.052
CD33,LS_34,36.89,0.5938,CD33,n.s.,1.052
CD123,LS_34,38.77,0.6739,CD123,n.s.,1.052
CLL-1,LS_34,28.0,0.4341,CLL-1,n.s.,1.052
CD38,LS_34,51.52,0.9067,CD38,n.s.,1.052
CD70,LS_34,2.4,0.031,CD70,n.s.,1.052
FLT3,LS_34,17.55,0.2671,FLT3,n.s.,1.052
TNFRSF4,LS_34,3.24,0.0475,TNFRSF4,n.s.,1.052
ABCA7,LS_34,9.09,0.1345,ABCA7,n.s.,1.052
ITGAX,LS_34,22.99,0.3539,ITGAX,n.s.,1.052
CD96,LS_15,83.11,1.2464,CD96,n.s.,1.052
CD9,LS_15,59.72,0.7589,CD9,n.s.,1.052
SUCNR1,LS_15,62.83,0.8773,SUCNR1,n.s.,1.052
AMN,LS_15,18.37,0.1792,AMN,n.s.,1.052
IL1RAP,LS_15,26.29,0.2443,IL1RAP,n.s.,1.052
LMBR1L,LS_15,26.43,0.2461,LMBR1L,n.s.,1.052
NRXN2,LS_15,24.45,0.2423,NRXN2,n.s.,1.052
FURIN,LS_15,25.58,0.2372,FURIN,n.s.,1.052
UMODL1,LS_15,40.07,0.4206,UMODL1,n.s.,1.052
CD7,LS_15,69.96,1.1743,CD7,n.s.,1.052
CD33,LS_15,20.42,0.2344,CD33,n.s.,1.052
CD123,LS_15,49.54,0.5736,CD123,n.s.,1.052
CLL-1,LS_15,60.35,0.7639,CLL-1,n.s.,1.052
CD38,LS_15,72.08,1.1014,CD38,n.s.,1.052
CD70,LS_15,1.7,0.0189,CD70,n.s.,1.052
FLT3,LS_15,87.99,1.468,FLT3,n.s.,1.052
TNFRSF4,LS_15,10.74,0.1345,TNFRSF4,n.s.,1.052
ABCA7,LS_15,12.65,0.1145,ABCA7,n.s.,1.052
ITGAX,LS_15,3.82,0.0373,ITGAX,n.s.,1.052
CD96,LS_26,8.33,0.0962,CD96,n.s.,1.056
CD9,LS_26,13.0,0.191,CD9,n.s.,1.056
SUCNR1,LS_26,23.11,0.3338,SUCNR1,n.s.,1.056
AMN,LS_26,8.7,0.1158,AMN,n.s.,1.056
IL1RAP,LS_26,16.09,0.208,IL1RAP,n.s.,1.056
LMBR1L,LS_26,6.17,0.0728,LMBR1L,n.s.,1.056
NRXN2,LS_26,12.35,0.1505,NRXN2,n.s.,1.056
FURIN,LS_26,16.93,0.2192,FURIN,n.s.,1.056
UMODL1,LS_26,2.9,0.0312,UMODL1,n.s.,1.056
CD7,LS_26,2.06,0.0259,CD7,n.s.,1.056
CD33,LS_26,25.91,0.3846,CD33,n.s.,1.056
CD123,LS_26,20.86,0.2764,CD123,n.s.,1.056
CLL-1,LS_26,57.53,1.0821,CLL-1,n.s.,1.056
CD38,LS_26,33.12,0.4956,CD38,n.s.,1.056
CD70,LS_26,1.59,0.0235,CD70,n.s.,1.056
FLT3,LS_26,26.01,0.3632,FLT3,n.s.,1.056
TNFRSF4,LS_26,0.56,0.0078,TNFRSF4,n.s.,1.056
ABCA7,LS_26,7.39,0.1151,ABCA7,n.s.,1.056
ITGAX,LS_26,6.55,0.0915,ITGAX,n.s.,1.056
CD96,LS_31,47.48,0.5141,CD96,n.s.,1.058
CD9,LS_31,58.57,0.7101,CD9,n.s.,1.058
SUCNR1,LS_31,28.93,0.2816,SUCNR1,n.s.,1.058
AMN,LS_31,39.42,0.4046,AMN,n.s.,1.058
IL1RAP,LS_31,36.9,0.3415,IL1RAP,n.s.,1.058
LMBR1L,LS_31,17.04,0.1328,LMBR1L,n.s.,1.058
NRXN2,LS_31,14.21,0.1288,NRXN2,n.s.,1.058
FURIN,LS_31,18.25,0.1483,FURIN,n.s.,1.058
UMODL1,LS_31,33.17,0.3024,UMODL1,n.s.,1.058
CD7,LS_31,6.25,0.0743,CD7,n.s.,1.058
CD33,LS_31,51.81,0.5638,CD33,n.s.,1.058
CD123,LS_31,27.92,0.2475,CD123,n.s.,1.058
CLL-1,LS_31,33.67,0.3463,CLL-1,n.s.,1.058
CD38,LS_31,50.4,0.5524,CD38,n.s.,1.058
CD70,LS_31,1.51,0.0174,CD70,n.s.,1.058
FLT3,LS_31,66.43,0.8472,FLT3,n.s.,1.058
TNFRSF4,LS_31,3.93,0.0362,TNFRSF4,n.s.,1.058
ABCA7,LS_31,5.04,0.0385,ABCA7,n.s.,1.058
ITGAX,LS_31,4.03,0.0373,ITGAX,n.s.,1.058
CD96,LS_13,1.1,0.0172,CD96,n.s.,1.059
CD9,LS_13,1.3,0.0182,CD9,n.s.,1.059
SUCNR1,LS_13,0.52,0.0063,SUCNR1,n.s.,1.059
AMN,LS_13,2.79,0.0218,AMN,n.s.,1.059
IL1RAP,LS_13,7.53,0.0625,IL1RAP,n.s.,1.059
LMBR1L,LS_13,41.17,0.3465,LMBR1L,n.s.,1.059
NRXN2,LS_13,0.58,0.0068,NRXN2,n.s.,1.059
FURIN,LS_13,39.22,0.3329,FURIN,n.s.,1.059
UMODL1,LS_13,0.45,0.0051,UMODL1,n.s.,1.059
CD7,LS_13,18.18,0.1554,CD7,n.s.,1.059
CD33,LS_13,33.51,0.2958,CD33,n.s.,1.059
CD123,LS_13,2.86,0.0287,CD123,n.s.,1.059
CLL-1,LS_13,2.47,0.023,CLL-1,n.s.,1.059
CD38,LS_13,45.19,0.4283,CD38,n.s.,1.059
CD70,LS_13,3.25,0.0229,CD70,n.s.,1.059
FLT3,LS_13,1.62,0.0221,FLT3,n.s.,1.059
TNFRSF4,LS_13,0.58,0.0069,TNFRSF4,n.s.,1.059
ABCA7,LS_13,20.91,0.1717,ABCA7,n.s.,1.059
ITGAX,LS_13,0.91,0.0107,ITGAX,n.s.,1.059
CD96,LS_47,32.24,0.4224,CD96,n.s.,1.059
CD9,LS_47,13.82,0.1988,CD9,n.s.,1.059
SUCNR1,LS_47,14.14,0.184,SUCNR1,n.s.,1.059
AMN,LS_47,14.47,0.1618,AMN,n.s.,1.059
IL1RAP,LS_47,18.09,0.2186,IL1RAP,n.s.,1.059
LMBR1L,LS_47,18.09,0.217,LMBR1L,n.s.,1.059
NRXN2,LS_47,20.07,0.2442,NRXN2,n.s.,1.059
FURIN,LS_47,15.79,0.1812,FURIN,n.s.,1.059
UMODL1,LS_47,14.47,0.1546,UMODL1,n.s.,1.059
CD7,LS_47,15.79,0.2517,CD7,n.s.,1.059
CD33,LS_47,31.58,0.4372,CD33,n.s.,1.059
CD123,LS_47,28.29,0.3529,CD123,n.s.,1.059
CLL-1,LS_47,35.2,0.4929,CLL-1,n.s.,1.059
CD38,LS_47,35.86,0.5649,CD38,n.s.,1.059
CD70,LS_47,3.62,0.0625,CD70,n.s.,1.059
FLT3,LS_47,53.29,0.8884,FLT3,n.s.,1.059
TNFRSF4,LS_47,12.83,0.1988,TNFRSF4,n.s.,1.059
ABCA7,LS_47,21.38,0.3625,ABCA7,n.s.,1.059
ITGAX,LS_47,10.86,0.1614,ITGAX,n.s.,1.059
CD96,LS_40,52.75,0.7275,CD96,n.s.,1.061
CD9,LS_40,20.66,0.2465,CD9,n.s.,1.061
SUCNR1,LS_40,16.8,0.204,SUCNR1,n.s.,1.061
AMN,LS_40,23.97,0.2745,AMN,n.s.,1.061
IL1RAP,LS_40,9.78,0.0909,IL1RAP,n.s.,1.061
LMBR1L,LS_40,19.7,0.1982,LMBR1L,n.s.,1.061
NRXN2,LS_40,21.49,0.2391,NRXN2,n.s.,1.061
FURIN,LS_40,16.8,0.1752,FURIN,n.s.,1.061
UMODL1,LS_40,29.34,0.3346,UMODL1,n.s.,1.061
CD7,LS_40,17.08,0.28,CD7,n.s.,1.061
CD33,LS_40,25.07,0.283,CD33,n.s.,1.061
CD123,LS_40,53.72,0.7166,CD123,n.s.,1.061
CLL-1,LS_40,44.77,0.54,CLL-1,n.s.,1.061
CD38,LS_40,45.04,0.5606,CD38,n.s.,1.061
CD70,LS_40,0.55,0.009,CD70,n.s.,1.061
FLT3,LS_40,83.88,1.5625,FLT3,n.s.,1.061
TNFRSF4,LS_40,5.51,0.0778,TNFRSF4,n.s.,1.061
ABCA7,LS_40,23.42,0.2573,ABCA7,n.s.,1.061
ITGAX,LS_40,15.7,0.2214,ITGAX,n.s.,1.061
CD96,LS_12,26.16,0.4212,CD96,n.s.,1.067
CD9,LS_12,11.7,0.2035,CD9,n.s.,1.067
SUCNR1,LS_12,10.6,0.1502,SUCNR1,n.s.,1.067
AMN,LS_12,14.59,0.2097,AMN,n.s.,1.067
IL1RAP,LS_12,7.2,0.1013,IL1RAP,n.s.,1.067
LMBR1L,LS_12,10.03,0.1367,LMBR1L,n.s.,1.067
NRXN2,LS_12,8.42,0.1117,NRXN2,n.s.,1.067
FURIN,LS_12,11.83,0.1604,FURIN,n.s.,1.067
UMODL1,LS_12,4.37,0.0586,UMODL1,n.s.,1.067
CD7,LS_12,5.27,0.0859,CD7,n.s.,1.067
CD33,LS_12,28.86,0.4688,CD33,n.s.,1.067
CD123,LS_12,11.89,0.1695,CD123,n.s.,1.067
CLL-1,LS_12,20.95,0.3152,CLL-1,n.s.,1.067
CD38,LS_12,17.67,0.2769,CD38,n.s.,1.067
CD70,LS_12,3.86,0.0741,CD70,n.s.,1.067
FLT3,LS_12,33.42,0.5441,FLT3,n.s.,1.067
TNFRSF4,LS_12,7.26,0.1144,TNFRSF4,n.s.,1.067
ABCA7,LS_12,12.98,0.2386,ABCA7,n.s.,1.067
ITGAX,LS_12,5.85,0.0958,ITGAX,n.s.,1.067
CD96,LS_18,6.21,0.0627,CD96,n.s.,1.073
CD9,LS_18,27.29,0.3624,CD9,n.s.,1.073
SUCNR1,LS_18,3.32,0.0343,SUCNR1,n.s.,1.073
AMN,LS_18,5.63,0.0585,AMN,n.s.,1.073
IL1RAP,LS_18,10.97,0.1078,IL1RAP,n.s.,1.073
LMBR1L,LS_18,17.91,0.1864,LMBR1L,n.s.,1.073
NRXN2,LS_18,10.47,0.1201,NRXN2,n.s.,1.073
FURIN,LS_18,17.69,0.1887,FURIN,n.s.,1.073
UMODL1,LS_18,2.38,0.0266,UMODL1,n.s.,1.073
CD7,LS_18,11.19,0.1313,CD7,n.s.,1.073
CD33,LS_18,58.48,0.7794,CD33,n.s.,1.073
CD123,LS_18,35.23,0.4287,CD123,n.s.,1.073
CLL-1,LS_18,62.09,0.8759,CLL-1,n.s.,1.073
CD38,LS_18,20.0,0.2232,CD38,n.s.,1.073
CD70,LS_18,2.09,0.0275,CD70,n.s.,1.073
FLT3,LS_18,69.46,1.119,FLT3,n.s.,1.073
TNFRSF4,LS_18,0.65,0.0106,TNFRSF4,n.s.,1.073
ABCA7,LS_18,23.54,0.2603,ABCA7,n.s.,1.073
ITGAX,LS_18,45.05,0.645,ITGAX,n.s.,1.073
CD96,LS_35,1.25,0.0298,CD96,n.s.,1.075
CD9,LS_35,27.27,0.5356,CD9,n.s.,1.075
SUCNR1,LS_35,12.23,0.1918,SUCNR1,n.s.,1.075
AMN,LS_35,1.25,0.02,AMN,n.s.,1.075
IL1RAP,LS_35,2.93,0.0422,IL1RAP,n.s.,1.075
LMBR1L,LS_35,6.79,0.0902,LMBR1L,n.s.,1.075
NRXN2,LS_35,0.42,0.0048,NRXN2,n.s.,1.075
FURIN,LS_35,14.11,0.1952,FURIN,n.s.,1.075
UMODL1,LS_35,0.52,0.0074,UMODL1,n.s.,1.075
CD7,LS_35,0.84,0.0119,CD7,n.s.,1.075
CD33,LS_35,24.35,0.365,CD33,n.s.,1.075
CD123,LS_35,1.78,0.0227,CD123,n.s.,1.075
CLL-1,LS_35,54.02,1.0177,CLL-1,n.s.,1.075
CD38,LS_35,2.93,0.0461,CD38,n.s.,1.075
CD70,LS_35,0.21,0.0048,CD70,n.s.,1.075
FLT3,LS_35,1.99,0.0354,FLT3,n.s.,1.075
TNFRSF4,LS_35,0.31,0.0042,TNFRSF4,n.s.,1.075
ABCA7,LS_35,12.33,0.1862,ABCA7,n.s.,1.075
ITGAX,LS_35,37.62,0.6543,ITGAX,n.s.,1.075
CD96,LS_27,30.73,0.3607,CD96,n.s.,1.076
CD9,LS_27,27.73,0.3013,CD9,n.s.,1.076
SUCNR1,LS_27,33.65,0.4516,SUCNR1,n.s.,1.076
AMN,LS_27,33.65,0.3848,AMN,n.s.,1.076
IL1RAP,LS_27,23.68,0.2436,IL1RAP,n.s.,1.076
LMBR1L,LS_27,11.94,0.1061,LMBR1L,n.s.,1.076
NRXN2,LS_27,13.35,0.1443,NRXN2,n.s.,1.076
FURIN,LS_27,18.8,0.1821,FURIN,n.s.,1.076
UMODL1,LS_27,11.56,0.1097,UMODL1,n.s.,1.076
CD7,LS_27,10.34,0.1235,CD7,n.s.,1.076
CD33,LS_27,35.24,0.4323,CD33,n.s.,1.076
CD123,LS_27,22.37,0.2328,CD123,n.s.,1.076
CLL-1,LS_27,47.84,0.6246,CLL-1,n.s.,1.076
CD38,LS_27,49.06,0.6252,CD38,n.s.,1.076
CD70,LS_27,0.75,0.0077,CD70,n.s.,1.076
FLT3,LS_27,46.9,0.5887,FLT3,n.s.,1.076
TNFRSF4,LS_27,1.41,0.0136,TNFRSF4,n.s.,1.076
ABCA7,LS_27,9.49,0.1101,ABCA7,n.s.,1.076
ITGAX,LS_27,4.7,0.0524,ITGAX,n.s.,1.076
CD96,LS_48,4.6,0.0647,CD96,n.s.,1.078
CD9,LS_48,42.15,0.8375,CD9,n.s.,1.078
SUCNR1,LS_48,4.21,0.0692,SUCNR1,n.s.,1.078
AMN,LS_48,1.92,0.0273,AMN,n.s.,1.078
IL1RAP,LS_48,4.98,0.0683,IL1RAP,n.s.,1.078
LMBR1L,LS_48,5.75,0.096,LMBR1L,n.s.,1.078
NRXN2,LS_48,6.9,0.101,NRXN2,n.s.,1.078
FURIN,LS_48,14.56,0.2403,FURIN,n.s.,1.078
UMODL1,LS_48,1.53,0.0259,UMODL1,n.s.,1.078
CD7,LS_48,3.83,0.0685,CD7,n.s.,1.078
CD33,LS_48,30.65,0.545,CD33,n.s.,1.078
CD123,LS_48,37.55,0.7052,CD123,n.s.,1.078
CLL-1,LS_48,28.35,0.5217,CLL-1,n.s.,1.078
CD38,LS_48,7.66,0.1114,CD38,n.s.,1.078
CD70,LS_48,1.92,0.0433,CD70,n.s.,1.078
FLT3,LS_48,52.49,1.0393,FLT3,n.s.,1.078
TNFRSF4,LS_48,1.15,0.0189,TNFRSF4,n.s.,1.078
ABCA7,LS_48,22.61,0.4141,ABCA7,n.s.,1.078
ITGAX,LS_48,40.23,0.8192,ITGAX,n.s.,1.078
CD96,LS_23,79.18,1.2615,CD96,n.s.,1.083
CD9,LS_23,71.34,1.0694,CD9,n.s.,1.083
SUCNR1,LS_23,67.6,1.1451,SUCNR1,n.s.,1.083
AMN,LS_23,52.79,0.6454,AMN,n.s.,1.083
IL1RAP,LS_23,32.58,0.3679,IL1RAP,n.s.,1.083
LMBR1L,LS_23,17.77,0.1844,LMBR1L,n.s.,1.083
NRXN2,LS_23,9.67,0.103,NRXN2,n.s.,1.083
FURIN,LS_23,16.99,0.1738,FURIN,n.s.,1.083
UMODL1,LS_23,55.05,0.7299,UMODL1,n.s.,1.083
CD7,LS_23,67.6,1.0564,CD7,n.s.,1.083
CD33,LS_23,16.46,0.1865,CD33,n.s.,1.083
CD123,LS_23,38.07,0.417,CD123,n.s.,1.083
CLL-1,LS_23,37.72,0.442,CLL-1,n.s.,1.083
CD38,LS_23,64.29,0.9147,CD38,n.s.,1.083
CD70,LS_23,0.0,0.0,CD70,n.s.,1.083
FLT3,LS_23,73.26,1.1242,FLT3,n.s.,1.083
TNFRSF4,LS_23,3.05,0.0453,TNFRSF4,n.s.,1.083
ABCA7,LS_23,4.7,0.0462,ABCA7,n.s.,1.083
ITGAX,LS_23,0.78,0.0114,ITGAX,n.s.,1.083
CD96,LS_21,15.58,0.1872,CD96,n.s.,1.083
CD9,LS_21,33.65,0.4615,CD9,n.s.,1.083
SUCNR1,LS_21,11.13,0.1319,SUCNR1,n.s.,1.083
AMN,LS_21,11.47,0.1238,AMN,n.s.,1.083
IL1RAP,LS_21,24.57,0.3053,IL1RAP,n.s.,1.083
LMBR1L,LS_21,18.49,0.2106,LMBR1L,n.s.,1.083
NRXN2,LS_21,17.12,0.2068,NRXN2,n.s.,1.083
FURIN,LS_21,22.0,0.2484,FURIN,n.s.,1.083
UMODL1,LS_21,3.85,0.0335,UMODL1,n.s.,1.083
CD7,LS_21,8.3,0.1047,CD7,n.s.,1.083
CD33,LS_21,38.53,0.5216,CD33,n.s.,1.083
CD123,LS_21,33.82,0.4329,CD123,n.s.,1.083
CLL-1,LS_21,32.45,0.4413,CLL-1,n.s.,1.083
CD38,LS_21,22.95,0.3053,CD38,n.s.,1.083
CD70,LS_21,14.21,0.2083,CD70,n.s.,1.083
FLT3,LS_21,47.77,0.7491,FLT3,n.s.,1.083
TNFRSF4,LS_21,6.68,0.0945,TNFRSF4,n.s.,1.083
ABCA7,LS_21,38.01,0.6179,ABCA7,n.s.,1.083
ITGAX,LS_21,43.75,0.7159,ITGAX,n.s.,1.083
CD96,LS_19,61.97,0.9112,CD96,poor,1.096
CD9,LS_19,35.94,0.4875,CD9,poor,1.096
SUCNR1,LS_19,41.21,0.5621,SUCNR1,poor,1.096
AMN,LS_19,30.29,0.3646,AMN,poor,1.096
IL1RAP,LS_19,29.82,0.3496,IL1RAP,poor,1.096
LMBR1L,LS_19,14.79,0.1586,LMBR1L,poor,1.096
NRXN2,LS_19,17.97,0.2097,NRXN2,poor,1.096
FURIN,LS_19,17.97,0.2013,FURIN,poor,1.096
UMODL1,LS_19,20.06,0.2512,UMODL1,poor,1.096
CD7,LS_19,21.38,0.3136,CD7,poor,1.096
CD33,LS_19,53.21,0.7407,CD33,poor,1.096
CD123,LS_19,40.05,0.5037,CD123,poor,1.096
CLL-1,LS_19,50.43,0.6859,CLL-1,poor,1.096
CD38,LS_19,60.19,1.0111,CD38,poor,1.096
CD70,LS_19,1.08,0.0142,CD70,poor,1.096
FLT3,LS_19,75.52,1.2933,FLT3,poor,1.096
TNFRSF4,LS_19,8.29,0.1159,TNFRSF4,poor,1.096
ABCA7,LS_19,8.29,0.0937,ABCA7,poor,1.096
ITGAX,LS_19,11.93,0.1445,ITGAX,poor,1.096
CD96,LS_38,0.75,0.0127,CD96,poor,1.114
CD9,LS_38,71.05,1.1723,CD9,poor,1.114
SUCNR1,LS_38,22.18,0.2855,SUCNR1,poor,1.114
AMN,LS_38,36.09,0.4574,AMN,poor,1.114
IL1RAP,LS_38,25.44,0.3262,IL1RAP,poor,1.114
LMBR1L,LS_38,14.54,0.1754,LMBR1L,poor,1.114
NRXN2,LS_38,27.19,0.3691,NRXN2,poor,1.114
FURIN,LS_38,17.17,0.2012,FURIN,poor,1.114
UMODL1,LS_38,3.76,0.0487,UMODL1,poor,1.114
CD7,LS_38,10.28,0.1358,CD7,poor,1.114
CD33,LS_38,53.01,0.7526,CD33,poor,1.114
CD123,LS_38,64.29,1.0103,CD123,poor,1.114
CLL-1,LS_38,24.56,0.312,CLL-1,poor,1.114
CD38,LS_38,8.27,0.1048,CD38,poor,1.114
CD70,LS_38,0.0,0.0,CD70,poor,1.114
FLT3,LS_38,71.05,1.2251,FLT3,poor,1.114
TNFRSF4,LS_38,16.17,0.2279,TNFRSF4,poor,1.114
ABCA7,LS_38,21.8,0.2907,ABCA7,poor,1.114
ITGAX,LS_38,35.84,0.4819,ITGAX,poor,1.114
CD96,LS_20,27.74,0.3788,CD96,poor,1.138
CD9,LS_20,22.62,0.31,CD9,poor,1.138
SUCNR1,LS_20,12.07,0.1573,SUCNR1,poor,1.138
AMN,LS_20,7.35,0.0735,AMN,poor,1.138
IL1RAP,LS_20,11.91,0.1279,IL1RAP,poor,1.138
LMBR1L,LS_20,17.27,0.1827,LMBR1L,poor,1.138
NRXN2,LS_20,9.19,0.1063,NRXN2,poor,1.138
FURIN,LS_20,15.59,0.1603,FURIN,poor,1.138
UMODL1,LS_20,9.83,0.0987,UMODL1,poor,1.138
CD7,LS_20,6.71,0.0992,CD7,poor,1.138
CD33,LS_20,24.46,0.2981,CD33,poor,1.138
CD123,LS_20,14.71,0.1743,CD123,poor,1.138
CLL-1,LS_20,27.98,0.372,CLL-1,poor,1.138
CD38,LS_20,34.45,0.4688,CD38,poor,1.138
CD70,LS_20,3.76,0.064,CD70,poor,1.138
FLT3,LS_20,36.93,0.5298,FLT3,poor,1.138
TNFRSF4,LS_20,1.2,0.0145,TNFRSF4,poor,1.138
ABCA7,LS_20,6.79,0.0944,ABCA7,poor,1.138
ITGAX,LS_20,3.84,0.0534,ITGAX,poor,1.138
CD96,LS_41,4.88,0.0802,CD96,poor,1.147
CD9,LS_41,7.32,0.1384,CD9,poor,1.147
SUCNR1,LS_41,5.69,0.0971,SUCNR1,poor,1.147
AMN,LS_41,4.55,0.0746,AMN,poor,1.147
IL1RAP,LS_41,6.67,0.1135,IL1RAP,poor,1.147
LMBR1L,LS_41,3.41,0.053,LMBR1L,poor,1.147
NRXN2,LS_41,3.58,0.0537,NRXN2,poor,1.147
FURIN,LS_41,8.78,0.1513,FURIN,poor,1.147
UMODL1,LS_41,2.11,0.0326,UMODL1,poor,1.147
CD7,LS_41,2.93,0.0589,CD7,poor,1.147
CD33,LS_41,24.55,0.4766,CD33,poor,1.147
CD123,LS_41,19.02,0.3693,CD123,poor,1.147
CLL-1,LS_41,14.15,0.2625,CLL-1,poor,1.147
CD38,LS_41,13.33,0.2608,CD38,poor,1.147
CD70,LS_41,1.3,0.031,CD70,poor,1.147
FLT3,LS_41,22.6,0.449,FLT3,poor,1.147
TNFRSF4,LS_41,0.98,0.0152,TNFRSF4,poor,1.147
ABCA7,LS_41,13.5,0.275,ABCA7,poor,1.147
ITGAX,LS_41,6.34,0.1261,ITGAX,poor,1.147
CD96,LS_10,52.37,0.5847,CD96,poor,1.214
CD9,LS_10,33.1,0.3626,CD9,poor,1.214
SUCNR1,LS_10,35.57,0.3713,SUCNR1,poor,1.214
AMN,LS_10,22.36,0.1767,AMN,poor,1.214
IL1RAP,LS_10,28.17,0.2234,IL1RAP,poor,1.214
LMBR1L,LS_10,16.3,0.1158,LMBR1L,poor,1.214
NRXN2,LS_10,29.69,0.2758,NRXN2,poor,1.214
FURIN,LS_10,19.27,0.1467,FURIN,poor,1.214
UMODL1,LS_10,20.66,0.1635,UMODL1,poor,1.214
CD7,LS_10,16.99,0.19,CD7,poor,1.214
CD33,LS_10,45.29,0.479,CD33,poor,1.214
CD123,LS_10,28.11,0.2536,CD123,poor,1.214
CLL-1,LS_10,46.11,0.453,CLL-1,poor,1.214
CD38,LS_10,56.41,0.6853,CD38,poor,1.214
CD70,LS_10,5.5,0.0637,CD70,poor,1.214
FLT3,LS_10,70.81,0.8952,FLT3,poor,1.214
TNFRSF4,LS_10,3.73,0.0326,TNFRSF4,poor,1.214
ABCA7,LS_10,15.1,0.1441,ABCA7,poor,1.214
ITGAX,LS_10,6.7,0.0633,ITGAX,poor,1.214
