res,cluster,n_cells,mean_jaccard,sd_jaccard,top_patient_frac,top_patient,n_patients,top_cyto
2.0,0,5263,0.759439889301057,0.06607068547396693,0.13585407562226867,AML4363,30,MLLr(14%)
2.0,1,3106,0.3960290165008088,0.09791908068847117,0.28010302640051515,AML4102,27,RUNX1/RUNX1T1(30%)
2.0,2,3237,0.622373897027352,0.171186549070816,0.09360518999073215,AML335,30,CN(26%)
2.0,3,3299,0.7504265894841351,0.10091020889417242,0.19005759321006366,AML3371,29,Tri(15)(19%)
2.0,4,507,0.5335443700104524,0.2976400403308255,0.863905325443787,AML3210,16,MLLr(87%)
2.0,5,672,0.8070876748922762,0.17175515584316003,0.9211309523809523,AML4232,12,RUNX1/RUNX1T1(93%)
2.0,6,4080,0.8891089955140423,0.007928232040871865,0.3237745098039216,AML3082,25,CBFB/MYH11(92%)
2.0,7,2725,0.8389611449178901,0.08927166067838403,0.3174311926605505,AML882,28,CBFB/MYH11(41%)
2.0,8,2229,0.5957134895831706,0.17190325670893367,0.11215791834903545,AML4035,30,CN(18%)
2.0,9,1708,0.5670912933556325,0.10983521766224401,0.5608899297423887,AML4363,26,BCR/ABL(56%)
2.0,10,3062,0.403252804087818,0.045040583796674985,0.3324624428478119,AML3210,30,MLLr(56%)
2.0,11,2268,0.6944911907248393,0.03062922183637088,0.14594356261022928,AML1355,30,PML/RARA(20%)
2.0,12,2363,0.2746399216807351,0.049632662215633484,0.3089293271265341,AML4264,26,RUNX1/RUNX1T1(41%)
2.0,13,3345,0.3935907890549196,0.07694738001386403,0.17219730941704037,AML1355,27,PML/RARA(28%)
2.0,14,1718,0.724985445520255,0.11125174899585807,0.10768335273573923,AML4035,29,CBFB/MYH11(17%)
2.0,15,1216,0.9105171231325736,0.01489602352610311,0.890625,AML882,11,t(7;14)(q21;q32)(89%)
2.0,16,2279,0.692799095909395,0.16768783243155916,0.23519087318999563,AML4232,30,RUNX1/RUNX1T1(34%)
2.0,17,1139,0.8811095936502907,0.13972489073286218,0.9446883230904302,AML4116,8,NUP98/NSD1(94%)
2.0,18,1625,0.7477066233342412,0.1423257962297585,0.9403076923076923,AML4035,20,MYB/GATA1(94%)
2.0,19,978,0.8480285367667004,0.025617998899280348,0.8128834355828221,AML4264,16,RUNX1/RUNX1T1(82%)
2.0,20,522,0.38309806057678486,0.23837978784950947,0.578544061302682,AML4116,17,NUP98/NSD1(58%)
2.0,21,532,0.7775981145646192,0.3002702430264548,0.9755639097744361,AML4127,2,Tri(8)(98%)
2.0,22,4237,0.4082214231573003,0.11361310001336643,0.19353316025489734,AML3492,24,PML/RARA(37%)
2.0,23,2889,0.5078499254002984,0.11489205896679815,0.1408791969539633,AML4304,30,MLLr(21%)
2.0,24,4891,0.4893505568746064,0.14894588498901692,0.1954610509098344,AML4304,29,MLLr(30%)
2.0,25,5139,0.5700922616253525,0.1432119667431894,0.22086008951157812,AML948,28,CN(49%)
2.0,26,2127,0.5793700468526695,0.14309557758969488,0.2529384109073813,AML4271,28,CBFB/MYH11(47%)
2.0,27,2185,0.5332469874203511,0.1472458233607384,0.37620137299771167,AML4226,30,CN(51%)
2.0,28,767,0.2374069334551169,0.16207135381972645,0.4758800521512386,AML3121,24,t(2;3)(p15;q26.2)(48%)
2.5,0,2307,0.32559313005003454,0.09941449079586923,0.1660164716081491,AML4304,29,MLLr(30%)
2.5,1,5293,0.735743597472551,0.05871593566899628,0.13527300207821652,AML4363,30,MLLr(15%)
2.5,2,309,0.09125401243747035,0.10610038601730716,0.8284789644012945,AML3121,16,t(2;3)(p15;q26.2)(83%)
2.5,3,2762,0.4051076380690993,0.11370448115238313,0.3149891383055757,AML4102,24,RUNX1/RUNX1T1(33%)
2.5,4,2511,0.2941801382286515,0.04389897364638035,0.3018717642373556,AML4000,26,RUNX1/RUNX1T1(38%)
2.5,5,667,0.8203607882050138,0.17754980255257202,0.9250374812593704,AML4232,12,RUNX1/RUNX1T1(93%)
2.5,6,1777,0.7213445932507081,0.0715171473877842,0.18739448508722567,AML4271,25,CBFB/MYH11(41%)
2.5,7,2409,0.8886601159492649,0.1395996094472023,0.3345786633457866,AML882,26,CBFB/MYH11(44%)
2.5,8,706,0.7279520436384775,0.05321544371452212,0.3356940509915014,AML4271,25,CBFB/MYH11(53%)
2.5,9,2911,0.49825327471708647,0.15786056358815753,0.23737547234627276,AML3371,26,Tri(15)(24%)
2.5,10,3912,0.492118204919752,0.11041169963045315,0.2561349693251534,AML948,27,CN(54%)
2.5,11,2077,0.6873753558452402,0.1617659869330219,0.1150698122291767,AML4035,30,CN(17%)
2.5,12,1478,0.41015366911190954,0.16791306959495542,0.33694181326116374,AML3210,28,MLLr(34%)
2.5,13,3204,0.6865674034800772,0.17292927185789056,0.09831460674157304,AML335,30,CN(27%)
2.5,14,2548,0.5699062892527097,0.16394672985476424,0.34222919937205654,AML4226,30,CN(55%)
2.5,15,1702,0.6922103897768431,0.10065530453408528,0.48589894242068155,AML3210,29,MLLr(59%)
2.5,16,1999,0.5026791417994417,0.08095908072248735,0.30665332666333167,AML4304,28,MLLr(49%)
2.5,17,1909,0.7141268627634397,0.17217393791610958,0.10267155578837088,AML4035,29,CBFB/MYH11(17%)
2.5,18,757,0.14502520334537686,0.03455529014461576,0.34081902245706736,AML4090,21,CN(35%)
2.5,19,158,0.2203295680679572,0.2771149014808843,0.879746835443038,AML3210,11,MLLr(89%)
2.5,20,3986,0.8787674638920692,0.02768525536438891,0.3278976417461114,AML3082,25,CBFB/MYH11(93%)
2.5,21,2328,0.7768436876342417,0.1436331458751045,0.22938144329896906,AML4232,30,RUNX1/RUNX1T1(33%)
2.5,22,531,0.972580794366998,0.01551036261241298,0.975517890772128,AML4127,2,Tri(8)(98%)
2.5,23,3086,0.3308439248049859,0.10474105905936208,0.20479585223590407,AML4192,28,MLLr(28%)
2.5,24,1153,0.9678215416962341,0.007976239314201097,0.9401561144839549,AML4116,8,NUP98/NSD1(94%)
2.5,25,538,0.6163082591606392,0.2968069266267883,0.5613382899628253,AML4116,19,NUP98/NSD1(56%)
2.5,26,1625,0.8451050848220397,0.12062732970930812,0.936,AML4035,23,MYB/GATA1(94%)
2.5,27,1167,0.9307600104140381,0.015656789855265054,0.9245929734361611,AML882,9,t(7;14)(q21;q32)(92%)
2.5,28,1044,0.8348721576268101,0.03890219167334749,0.7959770114942529,AML4264,17,RUNX1/RUNX1T1(80%)
2.5,29,3204,0.39023051824294186,0.08208308906519615,0.2222222222222222,AML3492,25,PML/RARA(44%)
2.5,30,1114,0.3209068717246844,0.1415558532870414,0.3895870736086176,AML3121,25,t(2;3)(p15;q26.2)(39%)
2.5,31,2801,0.4701189014814819,0.09482011124873764,0.2002856122813281,AML1355,27,PML/RARA(31%)
2.5,32,1682,0.6018540804894885,0.1194997757477926,0.5760998810939358,AML4363,27,BCR/ABL(58%)
2.5,33,2262,0.7111454124077115,0.022400320704965324,0.15340406719717065,AML1355,30,PML/RARA(21%)
2.5,34,2191,0.564462341152086,0.06883660982275103,0.11866727521679599,AML4304,30,CN(21%)
3.0,0,2555,0.4114207776959601,0.10060380937867068,0.19256360078277887,AML4304,30,MLLr(31%)
3.0,1,1692,0.201828353199787,0.06922928555093569,0.18262411347517732,AML3121,29,t(2;3)(p15;q26.2)(18%)
3.0,2,3150,0.6322883006864481,0.15537770747022697,0.09492063492063492,AML335,30,CN(26%)
3.0,3,1060,0.7630931749142941,0.16375999205047137,0.11226415094339623,AML335,30,CN(25%)
3.0,4,759,0.7299984816474301,0.1628062771943139,0.9262187088274044,AML4232,17,RUNX1/RUNX1T1(93%)
3.0,5,2883,0.384292136570055,0.08699691202320152,0.22892819979188345,AML1355,26,PML/RARA(45%)
3.0,6,1828,0.7324380784173027,0.06255256300134843,0.17778993435448578,AML4239,26,CBFB/MYH11(39%)
3.0,7,2076,0.6580583530251818,0.19320383370620828,0.11464354527938343,AML4035,30,CN(17%)
3.0,8,1931,0.6441501617895051,0.15898763703041036,0.10150181253236665,AML4035,29,CN(17%)
3.0,9,1302,0.4242736617848643,0.1602046769885721,0.445468509984639,AML647,27,del7q(45%)
3.0,10,1720,0.4555453605908236,0.14222536052050477,0.3784883720930233,AML4226,28,CN(71%)
3.0,11,2291,0.2821254640436014,0.0442945990739227,0.32256656481885637,AML4264,26,RUNX1/RUNX1T1(43%)
3.0,12,2696,0.30571174027995773,0.09406897601510479,0.2177299703264095,AML4192,28,MLLr(29%)
3.0,13,2309,0.4243212187415309,0.14067315383533974,0.3733217843222174,AML4102,23,RUNX1/RUNX1T1(39%)
3.0,14,687,0.7569990090242992,0.0552852606311847,0.363901018922853,AML4271,24,CBFB/MYH11(58%)
3.0,15,1285,0.41740397413538466,0.10645431515948706,0.4723735408560311,AML3371,21,Tri(15)(47%)
3.0,16,3103,0.5456323773332282,0.11977661068622106,0.3187238156622623,AML948,27,CN(65%)
3.0,17,2182,0.5441603312940173,0.08281573269799776,0.3863428047662695,AML3210,30,MLLr(53%)
3.0,18,3441,0.5780606255511711,0.11960571947853209,0.20604475443185122,AML3371,28,Tri(15)(21%)
3.0,19,993,0.5144980019484352,0.22567210203389584,0.8308157099697885,AML882,21,t(7;14)(q21;q32)(83%)
3.0,20,1454,0.6497171221262685,0.16031606854344252,0.33837689133425036,AML3082,25,CBFB/MYH11(66%)
3.0,21,1832,0.6074343140854523,0.05444825483200149,0.5316593886462883,AML4363,27,BCR/ABL(53%)
3.0,22,624,0.5737422222356537,0.16927668182523992,0.7580128205128205,AML3210,22,MLLr(77%)
3.0,23,1459,0.3697362472238028,0.10265278717436979,0.32350925291295407,AML3121,27,t(2;3)(p15;q26.2)(32%)
3.0,24,3513,0.8434766842567971,0.05397383737362476,0.3267862226017649,AML3082,24,CBFB/MYH11(92%)
3.0,25,527,0.15591723064486124,0.15903723309849876,0.3206831119544592,AML3082,15,CBFB/MYH11(92%)
3.0,26,2188,0.71509194146479,0.019764412569949263,0.15447897623400367,AML1355,30,PML/RARA(21%)
3.0,27,2542,0.48945108572413376,0.09087133880640301,0.2010228166797797,AML1355,26,PML/RARA(30%)
3.0,28,182,0.3543235995933329,0.25969585002125234,0.9285714285714286,AML3210,7,MLLr(94%)
3.0,29,1643,0.9094319382265592,0.0690140538378167,0.9409616555082166,AML4035,22,MYB/GATA1(94%)
3.0,30,1155,0.9695892375696564,0.0077635111566307455,0.9376623376623376,AML4116,9,NUP98/NSD1(94%)
3.0,31,453,0.7251726070172964,0.21561514473836632,0.6622516556291391,AML4116,13,NUP98/NSD1(66%)
3.0,32,1179,0.9314841918145005,0.01532566827725713,0.916030534351145,AML882,10,t(7;14)(q21;q32)(92%)
3.0,33,274,0.16669694975270222,0.17020325745015208,0.8503649635036497,AML3121,13,t(2;3)(p15;q26.2)(85%)
3.0,34,1940,0.5019826078302511,0.1124069770533259,0.3020618556701031,AML4304,28,MLLr(49%)
3.0,35,1014,0.8466548934876968,0.01851995884869748,0.7899408284023669,AML4264,18,RUNX1/RUNX1T1(80%)
3.0,36,530,0.9774167414568502,0.01299543646317909,0.9754716981132076,AML4127,2,Tri(8)(98%)
3.0,37,3219,0.6734923420533827,0.05237559613233963,0.1525318421870146,AML4363,30,BCR/ABL(15%)
3.0,38,1221,0.5914835439906839,0.17848827062882527,0.23423423423423423,AML4226,30,CN(33%)
3.0,39,8,0.002770522258524182,0.0011355191494819212,0.375,AML948,4,CN(50%)
3.0,40,1103,0.7587806365140574,0.1125971840522713,0.4551223934723481,AML4232,27,RUNX1/RUNX1T1(64%)
3.0,41,2105,0.1829541210195561,0.05240169834148417,0.10736342042755344,AML4192,29,MLLr(18%)
3.5,0,2245,0.43578585298686984,0.0968950969311132,0.1973273942093541,AML4304,30,MLLr(33%)
3.5,1,2056,0.21152331631013976,0.10216916243598428,0.11332684824902724,AML4192,29,MLLr(18%)
3.5,2,2024,0.5446013459931427,0.12705134289889577,0.31966403162055335,AML4304,28,MLLr(50%)
3.5,3,700,0.7517623832589216,0.04311248914960968,0.3585714285714286,AML4271,24,CBFB/MYH11(57%)
3.5,4,970,0.26287569450320813,0.08398867737065042,0.24020618556701032,AML948,18,CN(45%)
3.5,5,2289,0.32964496456391934,0.08640889723129332,0.18567059851463522,AML3492,26,PML/RARA(30%)
3.5,6,2090,0.6745060058939928,0.21726198929405188,0.11387559808612441,AML4035,30,CN(18%)
3.5,7,1948,0.6152308882650127,0.1473990044875514,0.10061601642710473,AML4035,29,CBFB/MYH11(17%)
3.5,8,2800,0.6223584749758003,0.15130127218990788,0.0925,AML335,30,CN(25%)
3.5,9,1694,0.6442312918894473,0.0566169405616406,0.5690672963400236,AML4363,26,BCR/ABL(57%)
3.5,10,994,0.8378960225975984,0.02119790244618115,0.8360160965794768,AML4264,20,RUNX1/RUNX1T1(85%)
3.5,11,699,0.7504142173822593,0.14751721040230353,0.9284692417739628,AML4232,13,RUNX1/RUNX1T1(93%)
3.5,12,387,0.21921909020826277,0.1686579934803314,0.6925064599483204,AML3121,20,t(2;3)(p15;q26.2)(69%)
3.5,13,985,0.5449988314627598,0.12470699470764751,0.3086294416243655,AML4116,24,NUP98/NSD1(31%)
3.5,14,2333,0.42309141498320146,0.07475111098916523,0.22203171881697387,AML1355,27,PML/RARA(32%)
3.5,15,1013,0.36404545157212304,0.13120893951795917,0.21816386969397827,AML3082,23,CBFB/MYH11(40%)
3.5,16,2169,0.7141030036282221,0.06604311400216724,0.1585984324573536,AML1355,30,PML/RARA(21%)
3.5,17,1806,0.6621762320180608,0.10540557329111414,0.4795127353266888,AML3210,28,MLLr(58%)
3.5,18,1443,0.9141686653699816,0.036360139888772625,0.35273735273735274,AML3082,24,CBFB/MYH11(68%)
3.5,19,2342,0.453319383798093,0.11913056472172506,0.230999146029035,AML1355,26,PML/RARA(42%)
3.5,20,1201,0.202602525620096,0.06143647248480326,0.15320566194837634,AML3121,27,CN(25%)
3.5,21,3,0.001678251374140994,0.0012707896697961047,0.6666666666666666,AML948,2,CN(67%)
3.5,22,1488,0.4633591099876842,0.12606159326175254,0.36760752688172044,AML4226,28,CN(69%)
3.5,23,1381,0.3202236596303397,0.09118048732701758,0.3620564808110065,AML4000,26,MLLr(38%)
3.5,24,1997,0.39054326034699677,0.0527164340838658,0.24136204306459688,AML3371,23,Tri(15)(24%)
3.5,25,1651,0.9267959104465631,0.02183943096273669,0.9430648092065415,AML4035,21,MYB/GATA1(94%)
3.5,26,1150,0.9668117411315255,0.006987276163504926,0.9382608695652174,AML4116,9,NUP98/NSD1(94%)
3.5,27,2698,0.7531089341236681,0.0648988413722214,0.35952557449962935,AML4271,22,CBFB/MYH11(94%)
3.5,28,592,0.23391069094671776,0.2162994097011516,0.2972972972972973,AML3082,15,CBFB/MYH11(88%)
3.5,29,1890,0.4750479780864573,0.12589073473633178,0.43862433862433864,AML4102,24,RUNX1/RUNX1T1(46%)
3.5,30,1107,0.7982648053873065,0.0961755048156818,0.44534778681120146,AML4232,28,RUNX1/RUNX1T1(63%)
3.5,31,2327,0.32006340565078106,0.04847087150800127,0.32015470562956594,AML4264,26,RUNX1/RUNX1T1(43%)
3.5,32,1134,0.5055338914998181,0.12312474320938617,0.607583774250441,AML3371,21,Tri(15)(61%)
3.5,33,2109,0.4306287898612925,0.10697313300461266,0.3352299668089142,AML948,25,CN(69%)
3.5,34,1216,0.29855213323863017,0.19212255243944315,0.2574013157894737,AML4239,23,CBFB/MYH11(62%)
3.5,35,1221,0.6712771557359616,0.13281588165483704,0.23095823095823095,AML4226,30,CN(33%)
3.5,36,605,0.6424842768276741,0.10923635368954138,0.7421487603305785,AML3210,22,MLLr(75%)
3.5,37,1331,0.4753013583653997,0.13838042823103738,0.4507888805409467,AML647,28,del7q(45%)
3.5,38,1125,0.2827162230071286,0.08580989304688874,0.37333333333333335,AML4090,22,CN(40%)
3.5,39,164,0.13338168266629094,0.08830353031059872,0.10365853658536585,AML4363,26,MLLr(20%)
3.5,40,927,0.9053196848716004,0.02686588553188159,0.8716289104638619,AML882,20,t(7;14)(q21;q32)(87%)
3.5,41,1147,0.9289721061014772,0.015009505757070286,0.9250217959895379,AML882,10,t(7;14)(q21;q32)(93%)
3.5,42,12,0.3046229589186156,0.33480907438850194,0.25,AML4192,8,MLLr(42%)
3.5,43,527,0.9805390738988367,0.01144188062295421,0.9753320683111955,AML4127,2,Tri(8)(98%)
3.5,44,180,0.4553262503203467,0.18595950875591136,0.9333333333333333,AML3210,7,MLLr(94%)
3.5,45,3183,0.7260929063652084,0.0479380516443497,0.15394282123782596,AML4363,30,BCR/ABL(15%)
3.5,46,2257,0.2895650671142672,0.09788697441574919,0.22153300841825432,AML4192,28,Tri(8)/MLLr(30%)
3.5,47,1068,0.8321899729584826,0.10564220147353617,0.11235955056179775,AML335,30,CN(25%)
3.5,48,1430,0.7995214011860996,0.05624630552519793,0.2125874125874126,AML4271,28,CBFB/MYH11(44%)
4.0,0,2189,0.4322534724876072,0.09642480236294913,0.2046596619460941,AML4304,29,MLLr(32%)
4.0,1,1963,0.21005059011859664,0.058757471349633654,0.10901681100356597,AML4192,29,MLLr(19%)
4.0,2,2724,0.580309443866332,0.12930128552461556,0.08920704845814978,AML335,30,CN(25%)
4.0,3,2026,0.7181522687431914,0.06281492429792254,0.15893385982230998,AML1355,29,PML/RARA(21%)
4.0,4,1466,0.8251557084224513,0.05385347920873314,0.20668485675306958,AML4239,28,CBFB/MYH11(44%)
4.0,5,2946,0.7399810361621225,0.043721586853767966,0.16055668703326545,AML4363,30,BCR/ABL(16%)
4.0,6,1085,0.8602261085628584,0.07248724209809287,0.11059907834101383,AML335,30,CN(25%)
4.0,7,1820,0.44883670162849515,0.06808084287578563,0.3516483516483517,AML4000,27,MLLr(37%)
4.0,8,1197,0.6631004643407176,0.12624341416360196,0.23642439431913115,AML4226,30,CN(33%)
4.0,9,966,0.22579424769580309,0.05335655698769186,0.3033126293995859,AML4192,23,MLLr(36%)
4.0,10,702,0.7532469459207164,0.17035255167086216,0.9287749287749287,AML4232,12,RUNX1/RUNX1T1(93%)
4.0,11,43,0.3050832099027555,0.3295734662215419,0.7906976744186046,0_HealthyBM1,5,0_HealthyBM1(79%)
4.0,12,885,0.17799699325170862,0.03542247539453128,0.20564971751412428,AML3121,25,CN(21%)
4.0,13,1232,0.2908477768258196,0.06830532916228083,0.26055194805194803,AML3492,22,PML/RARA(39%)
4.0,14,155,0.08932239292176467,0.03432733057759661,0.5161290322580645,AML1355,17,PML/RARA(62%)
4.0,15,510,0.34126336966041737,0.21799634232486062,0.46078431372549017,AML4035,25,MYB/GATA1(46%)
4.0,16,1054,0.8473804749808439,0.03657167023840587,0.7884250474383302,AML4264,18,RUNX1/RUNX1T1(80%)
4.0,17,1137,0.4000196442270788,0.21319540190293143,0.2805628847845207,AML3082,22,CBFB/MYH11(71%)
4.0,18,2367,0.34194142870004807,0.07029117050384102,0.24926066751161807,AML4304,30,MLLr(46%)
4.0,19,1506,0.6911176686767304,0.04840173949349752,0.6394422310756972,AML4363,26,BCR/ABL(64%)
4.0,20,995,0.6631815708865199,0.1165136466429008,0.6542713567839196,AML3210,23,MLLr(68%)
4.0,21,1442,0.592370856793244,0.13154345677484974,0.24549237170596394,AML4000,25,MLLr(25%)
4.0,22,2314,0.5845044075142163,0.10695392139710852,0.35177182368193605,AML948,25,CN(68%)
4.0,23,1958,0.26041299966231757,0.08206164312627705,0.22880490296220635,AML4192,28,Tri(8)/MLLr(30%)
4.0,24,1510,0.29794069534187795,0.10123958456298564,0.3039735099337748,AML4090,24,CN(45%)
4.0,25,832,0.46976209618456954,0.13378056215444575,0.7367788461538461,AML647,22,del7q(74%)
4.0,26,1162,0.59010896988488,0.09292949275089388,0.5938037865748709,AML3371,21,Tri(15)(59%)
4.0,27,324,0.08616776948996681,0.04431122356917338,0.4567901234567901,AML4000,21,MLLr(49%)
4.0,28,1517,0.40960829136858845,0.1065870953890752,0.42649967040210945,AML4102,21,RUNX1/RUNX1T1(45%)
4.0,29,1456,0.7048014868987568,0.0617940307611597,0.12843406593406592,AML4035,30,CBFB/MYH11(17%)
4.0,30,529,0.517629703397952,0.16055761657202822,0.06994328922495274,AML3492,29,CN(21%)
4.0,31,749,0.7448627820848154,0.044955516511155834,0.3604806408544726,AML4271,24,CBFB/MYH11(57%)
4.0,32,322,0.4119552163270287,0.16254629687909036,0.9037267080745341,AML3210,12,MLLr(91%)
4.0,33,2582,0.765314462777185,0.07595824405928636,0.36444616576297445,AML4271,22,CBFB/MYH11(94%)
4.0,34,1825,0.39748080428898835,0.1138064599011188,0.286027397260274,AML1355,24,PML/RARA(50%)
4.0,35,627,0.39993953232835516,0.21183484947042971,0.2822966507177033,AML3082,16,CBFB/MYH11(89%)
4.0,36,1116,0.8185384541229357,0.08076183659518457,0.44175627240143367,AML4232,27,RUNX1/RUNX1T1(63%)
4.0,37,693,0.24830868145871685,0.10317802740621132,0.29004329004329005,AML3121,26,CN(38%)
4.0,38,1046,0.45746571528820645,0.16313799711317944,0.2045889101338432,AML3082,23,CBFB/MYH11(37%)
4.0,39,1723,0.4069066111190992,0.11469690342044753,0.412071967498549,AML4264,23,RUNX1/RUNX1T1(56%)
4.0,40,1448,0.4450953189575005,0.08544991608405228,0.4979281767955801,AML3371,22,Tri(15)(50%)
4.0,41,1153,0.9732729949515511,0.007624950002871237,0.9375542064180399,AML4116,8,NUP98/NSD1(94%)
4.0,42,1665,0.5724777090166425,0.11761248914019391,0.07147147147147147,AML4271,30,CN(22%)
4.0,43,1433,0.8991363948232787,0.045848110465906915,0.3524075366364271,AML3082,24,CBFB/MYH11(68%)
4.0,44,1663,0.914364555565729,0.02330495288208066,0.9386650631389056,AML4035,24,MYB/GATA1(94%)
4.0,45,2041,0.41158708824094264,0.08018972234034148,0.21019108280254778,AML1355,27,CN(30%)
4.0,46,1378,0.44365324587966537,0.12055151721845041,0.37808417997097243,AML4226,29,CN(71%)
4.0,47,606,0.6549551994298188,0.11946952990233421,0.7656765676567657,AML3210,24,MLLr(77%)
4.0,48,923,0.8793474926072078,0.06727518526562679,0.8678223185265439,AML882,19,t(7;14)(q21;q32)(87%)
4.0,49,531,0.78361862596562,0.1959095151405418,0.5706214689265536,AML4116,18,NUP98/NSD1(57%)
4.0,50,1140,0.9294816362278049,0.01453851802892967,0.9245614035087719,AML882,8,t(7;14)(q21;q32)(92%)
4.0,51,530,0.9810100278524466,0.013981254145933049,0.9754716981132076,AML4127,2,Tri(8)(98%)
4.0,52,942,0.26754426685007954,0.05578767982530328,0.3619957537154989,AML3121,29,t(2;3)(p15;q26.2)(36%)
4.0,53,406,0.266227132295198,0.12820509490797177,0.687192118226601,AML3121,20,t(2;3)(p15;q26.2)(69%)
4.0,54,946,0.2357228629737463,0.07648334299622887,0.22727272727272727,AML4304,27,MLLr(31%)
4.0,55,608,0.27929695801047,0.1306867842030521,0.5476973684210527,AML4090,25,Tri(8)/MLLr(56%)
4.5,0,1666,0.41377324598358634,0.09769867473984725,0.20168067226890757,AML4304,30,MLLr(33%)
4.5,1,1089,0.46045194407339674,0.08535611626026207,0.43434343434343436,AML3121,24,t(2;3)(p15;q26.2)(43%)
4.5,2,1387,0.28965975664855964,0.07556265894900639,0.3136265320836337,AML4192,26,MLLr(40%)
4.5,3,62,0.24533106935268517,0.1887583564870269,0.5806451612903226,0_HealthyBM1,11,0_HealthyBM1(58%)
4.5,4,540,0.4232135648322576,0.24619594447168935,0.44074074074074077,AML4035,26,MYB/GATA1(44%)
4.5,5,831,0.5438753739230703,0.10806847567454098,0.7388688327316486,AML647,23,del7q(74%)
4.5,6,1104,0.6302218288262458,0.061405906682899664,0.6240942028985508,AML3371,20,Tri(15)(62%)
4.5,7,575,0.1616130189607669,0.048819155082479464,0.3356521739130435,AML4068,22,CN(51%)
4.5,8,590,0.3358100391916881,0.09625906153228417,0.6491525423728813,AML3121,20,t(2;3)(p15;q26.2)(65%)
4.5,9,1041,0.8549063128819316,0.03176297156117786,0.8011527377521613,AML4264,17,RUNX1/RUNX1T1(81%)
4.5,10,1415,0.709480574258996,0.06990299996126367,0.6593639575971731,AML4363,26,BCR/ABL(66%)
4.5,11,2432,0.7577304861809508,0.11731187738275624,0.37787828947368424,AML4271,21,CBFB/MYH11(94%)
4.5,12,2569,0.6842384733633536,0.03934225631445127,0.15648112105877773,AML4363,30,BCR/ABL(16%)
4.5,13,1064,0.5994437821889982,0.12950248950719995,0.20864661654135339,AML3082,23,CBFB/MYH11(39%)
4.5,14,406,0.6888522758264166,0.15726901949885583,0.8817733990147784,AML4232,12,RUNX1/RUNX1T1(89%)
4.5,15,2386,0.5783088713203198,0.11164973637571685,0.09597652975691534,AML335,30,CN(26%)
4.5,16,726,0.7474058487284999,0.04247754539122517,0.3402203856749311,AML4271,24,CBFB/MYH11(55%)
4.5,17,734,0.2501498794256807,0.11541137659634941,0.19618528610354224,AML3492,27,PML/RARA(25%)
4.5,18,1703,0.6710501172198179,0.10873590229686667,0.48502642395772166,AML3210,28,MLLr(59%)
4.5,19,991,0.36972468823487026,0.14233093098445174,0.4328960645812311,AML4090,27,Tri(8)/MLLr(47%)
4.5,20,768,0.3443959259638875,0.12819381995751264,0.2955729166666667,AML948,20,CN(58%)
4.5,21,1394,0.8970788579236426,0.054152094416646125,0.3464849354375897,AML3082,23,CBFB/MYH11(68%)
4.5,22,1667,0.22316412757044538,0.07499434058080948,0.22855428914217157,AML4192,27,MLLr(29%)
4.5,23,1809,0.19920343734788787,0.07686694580937825,0.11387506909894969,AML4192,30,MLLr(18%)
4.5,24,805,0.2372511184824803,0.07605425829950521,0.1453416149068323,AML1355,25,PML/RARA(29%)
4.5,25,1556,0.3859949240755275,0.11107436468560768,0.30398457583547556,AML1355,25,PML/RARA(50%)
4.5,26,369,0.537272372985403,0.29481552379938114,0.8346883468834688,AML4116,10,NUP98/NSD1(83%)
4.5,27,1148,0.9319315809891879,0.010456336192480854,0.9277003484320557,AML882,8,t(7;14)(q21;q32)(93%)
4.5,28,1251,0.7953179674784074,0.08475406294759072,0.10471622701838529,AML4035,30,CBFB/MYH11(19%)
4.5,29,677,0.13228180491304015,0.037896359759773,0.16248153618906944,AML4304,26,MLLr(25%)
4.5,30,863,0.41134995631531046,0.18558297256466066,0.27578215527230593,AML4239,22,CBFB/MYH11(72%)
4.5,31,1857,0.43067319487624234,0.061251620904246226,0.3602584814216478,AML4000,27,MLLr(38%)
4.5,32,992,0.5344564585840947,0.17431255304500257,0.2973790322580645,AML3082,21,CBFB/MYH11(75%)
4.5,33,1305,0.33523192574542965,0.09584205198604007,0.22375478927203066,AML1355,28,PML/RARA(30%)
4.5,34,1583,0.6971450575136717,0.03508260251651533,0.15792798483891346,AML4304,30,CN(21%)
4.5,35,1015,0.5119950266007404,0.09830140897308956,0.12512315270935961,AML4192,29,CN(19%)
4.5,36,1392,0.4419748269724056,0.09484800301964,0.47198275862068967,AML4102,23,RUNX1/RUNX1T1(49%)
4.5,37,957,0.8402249582767997,0.08189854607114659,0.5496342737722049,AML4232,23,RUNX1/RUNX1T1(74%)
4.5,38,510,0.2125126697407303,0.08205493386291789,0.1568627450980392,AML4363,27,MLLr(16%)
4.5,39,683,0.24217089601791458,0.1115129585147658,0.26207906295754024,AML4226,26,CN(38%)
4.5,40,12,0.0062450746830826085,0.002646239983457176,0.3333333333333333,AML1355,5,PML/RARA(33%)
4.5,41,261,0.48652959397141293,0.12385067328950188,0.8275862068965517,AML3210,17,MLLr(85%)
4.5,42,1746,0.41414306306932847,0.10019882244955178,0.361397479954181,AML948,23,CN(70%)
4.5,43,1980,0.41438379063706643,0.10548070193124634,0.21717171717171718,AML1355,26,PML/RARA(31%)
4.5,44,1162,0.555547339146613,0.09319413311911857,0.5654044750430293,AML3371,22,Tri(15)(57%)
4.5,45,788,0.7345210389069405,0.13382866552115838,0.08629441624365482,AML4035,29,CN(18%)
4.5,46,1696,0.4481412671304604,0.13534010107368274,0.4050707547169811,AML4264,23,RUNX1/RUNX1T1(56%)
4.5,47,1583,0.5828195445649836,0.12024061796302041,0.07264687302590019,AML4271,30,CN(22%)
4.5,48,1291,0.45607323804314676,0.13097575361537683,0.46630518977536795,AML4226,24,CN(80%)
4.5,49,1069,0.6424769343931811,0.07951918259858154,0.37511693171188026,AML4000,24,MLLr(38%)
4.5,50,1358,0.3330983091167924,0.10870071254867873,0.31885125184094254,AML4090,23,CN(45%)
4.5,51,615,0.6900854327376289,0.05499364197176479,0.7658536585365854,AML3210,23,MLLr(77%)
4.5,52,377,0.5962689135156103,0.2624369657654633,0.6657824933687002,AML4232,5,RUNX1/RUNX1T1(67%)
4.5,53,304,0.4692038493236428,0.1520272488352455,0.13815789473684212,AML4304,27,CN(28%)
4.5,54,1031,0.5610418865216025,0.1112019642113569,0.2938894277400582,AML4116,25,NUP98/NSD1(29%)
4.5,55,957,0.8883669588197336,0.0591896144213492,0.8307210031347962,AML882,21,t(7;14)(q21;q32)(83%)
4.5,56,991,0.3501146644143033,0.08853546978999925,0.31079717457114026,AML3492,23,PML/RARA(50%)
4.5,57,1385,0.8177705914602778,0.05460567127833106,0.21010830324909746,AML4271,27,CBFB/MYH11(44%)
4.5,58,15,0.35235931928203956,0.3010595984467203,0.2,AML1355,8,PML/RARA(33%)
4.5,59,798,0.7942078426188721,0.14045271538485055,0.9674185463659147,AML4116,7,NUP98/NSD1(97%)
4.5,60,533,0.9709173154110576,0.013588658001607311,0.975609756097561,AML4127,2,Tri(8)(98%)
4.5,61,1168,0.36283573604443725,0.09886942349789526,0.2893835616438356,AML4304,25,MLLr(52%)
4.5,62,1536,0.6707332215471684,0.13158735374255268,0.20768229166666666,AML4226,30,CN(30%)
4.5,63,1540,0.9260554479667655,0.01939787138047588,0.9448051948051948,AML4035,21,MYB/GATA1(94%)
5.0,0,1723,0.43894613347177786,0.12063436859604379,0.236796285548462,AML4304,29,MLLr(36%)
5.0,1,1222,0.19485838142700423,0.0642188475247248,0.24222585924713586,AML4192,28,MLLr(28%)
5.0,2,1350,0.812115278481803,0.05136112746618654,0.21037037037037037,AML4239,28,CBFB/MYH11(44%)
5.0,3,983,0.4230822158379491,0.10900495409255773,0.2706002034587996,AML4068,20,CN(55%)
5.0,4,1366,0.9093567591066962,0.021263924762534407,0.3535871156661786,AML3082,22,CBFB/MYH11(69%)
5.0,5,566,0.4932360848530159,0.24741358340431419,0.4275618374558304,AML4035,27,MYB/GATA1(43%)
5.0,6,2315,0.6907365997393721,0.039287934924340726,0.16371490280777537,AML4363,30,BCR/ABL(16%)
5.0,7,1045,0.8665667406188182,0.02758873305737399,0.7980861244019138,AML4264,19,RUNX1/RUNX1T1(81%)
5.0,8,410,0.1800263386578751,0.06551811349040679,0.3097560975609756,AML4068,22,CN(42%)
5.0,9,124,0.0941342272361275,0.04172280010225896,0.22580645161290322,AML3492,16,PML/RARA(35%)
5.0,10,429,0.7801746834840262,0.11548325847692655,0.8321678321678322,AML4232,18,RUNX1/RUNX1T1(84%)
5.0,11,961,0.5979101040245296,0.0579990015799928,0.10613943808532779,AML4102,30,CBFB/MYH11(17%)
5.0,12,994,0.23590576627369253,0.0981978166465248,0.1056338028169014,AML1355,27,PML/RARA(20%)
5.0,13,1038,0.5716141496410614,0.14321536131111823,0.2976878612716763,AML3082,23,CBFB/MYH11(73%)
5.0,14,1029,0.4941916787848806,0.0880373528003075,0.6793002915451894,AML4000,24,MLLr(70%)
5.0,15,626,0.27487961816559225,0.09029970941037352,0.1389776357827476,AML4363,27,MLLr(16%)
5.0,16,1236,0.4948020532490716,0.09095593297344776,0.3648867313915858,AML4304,26,MLLr(56%)
5.0,17,936,0.3714093806115205,0.1597606538667893,0.45726495726495725,AML4090,27,Tri(8)/MLLr(50%)
5.0,18,285,0.06101980533029751,0.01634505142732236,0.28771929824561404,AML4304,20,MLLr(47%)
5.0,19,1078,0.23544901216785125,0.11246244967075214,0.32653061224489793,AML4192,24,Tri(8)/MLLr(35%)
5.0,20,339,0.1270668032838415,0.04320667066664205,0.168141592920354,AML4192,24,Tri(8)/MLLr(25%)
5.0,21,604,0.3558511409690862,0.08541831186816316,0.6009933774834437,AML3121,23,t(2;3)(p15;q26.2)(60%)
5.0,22,1493,0.4204639601969241,0.10734599295229089,0.3174815807099799,AML1355,23,PML/RARA(52%)
5.0,23,1674,0.6772806739707972,0.11345110910585478,0.48984468339307047,AML3210,29,MLLr(58%)
5.0,24,2279,0.550123172954952,0.12962344873549433,0.09697235629662132,AML335,30,CN(26%)
5.0,25,1018,0.4969457567773328,0.07525732913986477,0.46168958742632615,AML3121,25,t(2;3)(p15;q26.2)(46%)
5.0,26,791,0.7307430163744183,0.05149740248351039,0.34513274336283184,AML4271,24,CBFB/MYH11(55%)
5.0,27,406,0.8221857687534408,0.11758029388171329,0.8251231527093597,AML4116,12,NUP98/NSD1(83%)
5.0,28,1327,0.6909708976157354,0.12058351593860443,0.09645817633760362,AML4035,29,CN(19%)
5.0,29,2364,0.7583862641727829,0.11527178488577201,0.3866328257191201,AML4271,20,CBFB/MYH11(94%)
5.0,30,1252,0.3413981640970306,0.10624673384005859,0.23961661341853036,AML1355,28,PML/RARA(31%)
5.0,31,1002,0.5270686772729621,0.09486683319433002,0.1217564870259481,AML4192,29,CN(19%)
5.0,32,1131,0.8146477067921143,0.04230739403024574,0.4367816091954023,AML4232,28,RUNX1/RUNX1T1(62%)
5.0,33,880,0.5336319416274187,0.08250950928836136,0.26590909090909093,AML647,28,del7q(27%)
5.0,34,1793,0.39645912189534177,0.10117206489870087,0.21360847741215838,AML1355,26,PML/RARA(30%)
5.0,35,644,0.272733146344924,0.14119848731319173,0.2857142857142857,AML4226,26,CN(40%)
5.0,36,1223,0.35786881072775445,0.1244005186077365,0.3237939493049877,AML4090,23,CN(47%)
5.0,37,315,0.1438217277821121,0.09437570791042153,0.3333333333333333,AML4226,21,CN(64%)
5.0,38,292,0.13685769196472092,0.048006700515967886,0.25,AML948,22,CN(46%)
5.0,39,1169,0.18864336265991927,0.031338192210200386,0.2566295979469632,AML4090,25,Tri(8)/MLLr(26%)
5.0,40,1539,0.9272950071866539,0.02266145982673018,0.944769330734243,AML4035,21,MYB/GATA1(94%)
5.0,41,964,0.9000160813528962,0.026277086142202213,0.83298755186722,AML882,21,t(7;14)(q21;q32)(83%)
5.0,42,276,0.4877807358237069,0.11546315673133961,0.8079710144927537,AML3210,15,MLLr(84%)
5.0,43,235,0.12384994192027723,0.05143546715867715,0.19574468085106383,AML4000,21,CN(27%)
5.0,44,1368,0.4685143761968371,0.12370813385879106,0.5182748538011696,AML4264,23,RUNX1/RUNX1T1(71%)
5.0,45,742,0.2947112061269455,0.08670182202949664,0.2628032345013477,AML4304,25,MLLr(35%)
5.0,46,592,0.26614816678586467,0.13125837804008283,0.3344594594594595,AML3371,23,PML/RARA(41%)
5.0,47,721,0.16795492043884425,0.05034506237682421,0.23994452149791956,AML3492,27,PML/RARA(30%)
5.0,48,638,0.6966157581551476,0.031739917253338086,0.7476489028213166,AML3210,24,MLLr(75%)
5.0,49,395,0.16608435123518514,0.02912142397320924,0.3265822784810127,AML1355,18,PML/RARA(53%)
5.0,50,999,0.6431513214876137,0.09931176745811758,0.2012012012012012,AML3082,23,CBFB/MYH11(37%)
5.0,51,1415,0.6327485949554541,0.1293625407811764,0.06643109540636043,AML4271,30,CN(21%)
5.0,52,1205,0.3947833424229833,0.09268254602409833,0.4979253112033195,AML4102,22,RUNX1/RUNX1T1(52%)
5.0,53,297,0.4823530593384386,0.14998341206937876,0.15488215488215487,AML4304,27,CN(29%)
5.0,54,1108,0.6201603205578818,0.05736527418680769,0.618231046931408,AML3371,20,Tri(15)(62%)
5.0,55,1250,0.3211462682129761,0.04809436836968617,0.38,AML3371,23,Tri(15)(38%)
5.0,56,1826,0.21124167422912285,0.09603360898809885,0.11336254107338445,AML4192,30,MLLr(18%)
5.0,57,407,0.23597495800731397,0.04589430017689293,0.5331695331695332,AML3371,22,Tri(15)(53%)
5.0,58,1035,0.4084954884462023,0.13173596770429394,0.48405797101449277,AML4226,23,CN(79%)
5.0,59,1086,0.5384723190497027,0.14835347168413623,0.27992633517495397,AML4116,26,NUP98/NSD1(28%)
5.0,60,764,0.49482533664262335,0.17061651533640387,0.35471204188481675,AML4239,17,CBFB/MYH11(87%)
5.0,61,1088,0.6266826455211647,0.0785506891481674,0.359375,AML4000,23,MLLr(36%)
5.0,62,1419,0.7027614211511816,0.09072490085377868,0.6441155743481325,AML4363,26,BCR/ABL(64%)
5.0,63,883,0.5574339923576229,0.10784535914704063,0.6919592298980748,AML647,22,del7q(69%)
5.0,64,1150,0.9259639776132783,0.01502205414583558,0.9173913043478261,AML882,8,t(7;14)(q21;q32)(92%)
5.0,65,761,0.931202190332014,0.0670392181109841,0.9842312746386334,AML4116,7,NUP98/NSD1(98%)
5.0,66,414,0.8019436684186332,0.21499309086784643,0.6932367149758454,AML4232,5,RUNX1/RUNX1T1(69%)
5.0,67,1123,0.8744886492395609,0.05187167817947917,0.11398040961709706,AML4304,30,CN(24%)
5.0,68,534,0.9672603064249279,0.021639986858655973,0.9756554307116105,AML4127,2,Tri(8)(98%)
5.0,69,1477,0.3740309831987775,0.11686074673601031,0.3994583615436696,AML948,23,CN(74%)
5.0,70,685,0.23326967422589484,0.046626352672008486,0.1678832116788321,AML3371,26,CN(33%)
