SampleID,lineage,frac,sample_type
0_HealthyBM1,0_HSPC,0.04062101233517652,HBM
0_HealthyBM1,Myeloid_Pro,0.042960442364951085,HBM
0_HealthyBM1,Erythrocytes,0.04742662696724798,HBM
0_HealthyBM1,Monocyte,0.3543173117822203,HBM
0_HealthyBM1,NK,0.15525308379413016,HBM
0_HealthyBM1,T,0.19502339430029775,HBM
0_HealthyBM1,B,0.04806465333900468,HBM
0_HealthyBM1,PlasmaB,0.008507018290089324,HBM
0_HealthyBM2,0_HSPC,0.03108379624157901,HBM
0_HealthyBM2,Myeloid_Pro,0.029429145491076704,HBM
0_HealthyBM2,Erythrocytes,0.052357877319465784,HBM
0_HealthyBM2,Monocyte,0.27620848599456327,HBM
0_HealthyBM2,NK,0.030492849544971043,HBM
0_HealthyBM2,T,0.3314029074577473,HBM
0_HealthyBM2,B,0.19702162864909586,HBM
0_HealthyBM2,PlasmaB,0.01631012882637986,HBM
AML1355,0_HSPC,0.0017709563164108619,AML
AML1355,Myeloid_Pro,0.0008854781582054309,AML
AML1355,Erythrocytes,0.0029515938606847697,AML
AML1355,Monocyte,0.0008854781582054309,AML
AML1355,NK,0.002656434474616293,AML
AML1355,T,0.007674144037780401,AML
AML1355,B,0.006493506493506494,AML
AML1355,PlasmaB,0.016824085005903187,AML
AML3082,0_HSPC,0.0003068425897514575,AML
AML3082,Myeloid_Pro,0.007977907333537895,AML
AML3082,Erythrocytes,0.005216324025774778,AML
AML3082,Monocyte,0.007671064743786438,AML
AML3082,NK,0.0021478981282602025,AML
AML3082,T,0.0021478981282602025,AML
AML3082,B,0.0021478981282602025,AML
AML3082,PlasmaB,0.0003068425897514575,AML
AML3121,0_HSPC,0.0,AML
AML3121,Myeloid_Pro,0.00035112359550561797,AML
AML3121,Erythrocytes,0.0007022471910112359,AML
AML3121,Monocyte,0.001053370786516854,AML
AML3121,NK,0.0028089887640449437,AML
AML3121,T,0.001053370786516854,AML
AML3121,B,0.0017556179775280898,AML
AML3121,PlasmaB,0.00035112359550561797,AML
AML3210,0_HSPC,0.00029342723004694836,AML
AML3210,Myeloid_Pro,0.0038145539906103286,AML
AML3210,Erythrocytes,0.0,AML
AML3210,Monocyte,0.0011737089201877935,AML
AML3210,NK,0.0,AML
AML3210,T,0.0008802816901408451,AML
AML3210,B,0.0008802816901408451,AML
AML3210,PlasmaB,0.0008802816901408451,AML
AML335,0_HSPC,0.0,AML
AML335,Myeloid_Pro,0.005974842767295598,AML
AML335,Erythrocytes,0.0,AML
AML335,Monocyte,0.01289308176100629,AML
AML335,NK,0.0,AML
AML335,T,0.0006289308176100629,AML
AML335,B,0.0006289308176100629,AML
AML335,PlasmaB,0.0018867924528301887,AML
AML3371,0_HSPC,0.0,AML
AML3371,Myeloid_Pro,0.0,AML
AML3371,Erythrocytes,0.0009375,AML
AML3371,Monocyte,0.00125,AML
AML3371,NK,0.0,AML
AML3371,T,0.000625,AML
AML3371,B,0.0,AML
AML3371,PlasmaB,0.000625,AML
AML3492,0_HSPC,0.0,AML
AML3492,Myeloid_Pro,0.0014675667742882301,AML
AML3492,Erythrocytes,0.000587026709715292,AML
AML3492,Monocyte,0.000293513354857646,AML
AML3492,NK,0.0,AML
AML3492,T,0.0008805400645729381,AML
AML3492,B,0.0,AML
AML3492,PlasmaB,0.0,AML
AML4000,0_HSPC,0.0,AML
AML4000,Myeloid_Pro,0.0027881040892193307,AML
AML4000,Erythrocytes,0.0,AML
AML4000,Monocyte,0.0021685254027261464,AML
AML4000,NK,0.0,AML
AML4000,T,0.0018587360594795538,AML
AML4000,B,0.0030978934324659233,AML
AML4000,PlasmaB,0.004337050805452293,AML
AML4010,0_HSPC,0.0033632286995515697,AML
AML4010,Myeloid_Pro,0.0,AML
AML4010,Erythrocytes,0.004484304932735426,AML
AML4010,Monocyte,0.0,AML
AML4010,NK,0.0,AML
AML4010,T,0.007847533632286996,AML
AML4010,B,0.0,AML
AML4010,PlasmaB,0.0,AML
AML4035,0_HSPC,0.00031357792411414236,AML
AML4035,Myeloid_Pro,0.0009407337723424271,AML
AML4035,Erythrocytes,0.0,AML
AML4035,Monocyte,0.02916274694261524,AML
AML4035,NK,0.008153026026967701,AML
AML4035,T,0.007525870178739417,AML
AML4035,B,0.013483850736908122,AML
AML4035,PlasmaB,0.0006271558482282847,AML
AML4048,0_HSPC,0.0,AML
AML4048,Myeloid_Pro,0.0,AML
AML4048,Erythrocytes,0.0,AML
AML4048,Monocyte,0.0,AML
AML4048,NK,0.0,AML
AML4048,T,0.0,AML
AML4048,B,0.11589403973509933,AML
AML4048,PlasmaB,0.0033112582781456954,AML
AML4062,0_HSPC,0.007311827956989247,AML
AML4062,Myeloid_Pro,0.05075268817204301,AML
AML4062,Erythrocytes,0.012473118279569893,AML
AML4062,Monocyte,0.3406451612903226,AML
AML4062,NK,0.03225806451612903,AML
AML4062,T,0.25333333333333335,AML
AML4062,B,0.06408602150537634,AML
AML4062,PlasmaB,0.00903225806451613,AML
AML4068,0_HSPC,0.0,AML
AML4068,Myeloid_Pro,0.0014920919128618322,AML
AML4068,Erythrocytes,0.000596836765144733,AML
AML4068,Monocyte,0.003879438973440764,AML
AML4068,NK,0.0008952551477170994,AML
AML4068,T,0.0026857654431512983,AML
AML4068,B,0.0008952551477170994,AML
AML4068,PlasmaB,0.0014920919128618322,AML
AML4090,0_HSPC,0.0,AML
AML4090,Myeloid_Pro,0.003758221108675227,AML
AML4090,Erythrocytes,0.0015659254619480112,AML
AML4090,Monocyte,0.004384591293454432,AML
AML4090,NK,0.0009395552771688068,AML
AML4090,T,0.009082367679298466,AML
AML4090,B,0.0,AML
AML4090,PlasmaB,0.0006263701847792045,AML
AML4102,0_HSPC,0.0,AML
AML4102,Myeloid_Pro,0.0,AML
AML4102,Erythrocytes,0.0013302294645826404,AML
AML4102,Monocyte,0.0039906883937479215,AML
AML4102,NK,0.0033255736614566014,AML
AML4102,T,0.03026272031925507,AML
AML4102,B,0.005653475224476222,AML
AML4102,PlasmaB,0.004323245759893582,AML
AML4116,0_HSPC,0.00034904013961605586,AML
AML4116,Myeloid_Pro,0.006980802792321117,AML
AML4116,Erythrocytes,0.0034904013961605585,AML
AML4116,Monocyte,0.020593368237347295,AML
AML4116,NK,0.0017452006980802793,AML
AML4116,T,0.03699825479930192,AML
AML4116,B,0.002792321116928447,AML
AML4116,PlasmaB,0.007329842931937173,AML
AML4127,0_HSPC,0.0,AML
AML4127,Myeloid_Pro,0.0,AML
AML4127,Erythrocytes,0.0,AML
AML4127,Monocyte,0.0011795930404010617,AML
AML4127,NK,0.0005897965202005308,AML
AML4127,T,0.0044234739015039815,AML
AML4127,B,0.0020642878207018578,AML
AML4127,PlasmaB,0.0026540843409023885,AML
AML4192,0_HSPC,0.00030321406913280777,AML
AML4192,Myeloid_Pro,0.0,AML
AML4192,Erythrocytes,0.0,AML
AML4192,Monocyte,0.006064281382656155,AML
AML4192,NK,0.00030321406913280777,AML
AML4192,T,0.013947847180109158,AML
AML4192,B,0.004244996967859308,AML
AML4192,PlasmaB,0.0015160703456640388,AML
AML4226,0_HSPC,0.0,AML
AML4226,Myeloid_Pro,0.006242197253433208,AML
AML4226,Erythrocytes,0.007802746566791511,AML
AML4226,Monocyte,0.033395755305867664,AML
AML4226,NK,0.0012484394506866417,AML
AML4226,T,0.012484394506866416,AML
AML4226,B,0.001560549313358302,AML
AML4226,PlasmaB,0.0046816479400749065,AML
AML4232,0_HSPC,0.015352197471402769,AML
AML4232,Myeloid_Pro,0.009030704394942806,AML
AML4232,Erythrocytes,0.018061408789885613,AML
AML4232,Monocyte,0.062311860325105356,AML
AML4232,NK,0.004214328717639976,AML
AML4232,T,0.26580373269114993,AML
AML4232,B,0.060505719446116796,AML
AML4232,PlasmaB,0.0027092113184828417,AML
AML4239,0_HSPC,0.0,AML
AML4239,Myeloid_Pro,0.00641399416909621,AML
AML4239,Erythrocytes,0.0,AML
AML4239,Monocyte,0.014285714285714285,AML
AML4239,NK,0.0005830903790087463,AML
AML4239,T,0.007580174927113703,AML
AML4239,B,0.0020408163265306124,AML
AML4239,PlasmaB,0.0008746355685131195,AML
AML4264,0_HSPC,0.0,AML
AML4264,Myeloid_Pro,0.0003295978905735003,AML
AML4264,Erythrocytes,0.0016479894528675016,AML
AML4264,Monocyte,0.0032959789057350032,AML
AML4264,NK,0.0023071852340145024,AML
AML4264,T,0.007580751483190508,AML
AML4264,B,0.0006591957811470006,AML
AML4264,PlasmaB,0.0013183915622940012,AML
AML4271,0_HSPC,0.0009033423667570009,AML
AML4271,Myeloid_Pro,0.02077687443541102,AML
AML4271,Erythrocytes,0.0036133694670280035,AML
AML4271,Monocyte,0.01415236374585968,AML
AML4271,NK,0.0015055706112616681,AML
AML4271,T,0.019572417946401688,AML
AML4271,B,0.006323396567299007,AML
AML4271,PlasmaB,0.0009033423667570009,AML
AML4304,0_HSPC,0.0002922267679719462,AML
AML4304,Myeloid_Pro,0.0,AML
AML4304,Erythrocytes,0.0008766803039158387,AML
AML4304,Monocyte,0.0,AML
AML4304,NK,0.0002922267679719462,AML
AML4304,T,0.0029222676797194622,AML
AML4304,B,0.0005844535359438924,AML
AML4304,PlasmaB,0.0002922267679719462,AML
AML4363,0_HSPC,0.0,AML
AML4363,Myeloid_Pro,0.004330343334364367,AML
AML4363,Erythrocytes,0.0018558614290133002,AML
AML4363,Monocyte,0.018558614290133002,AML
AML4363,NK,0.0,AML
AML4363,T,0.0021651716671821837,AML
AML4363,B,0.001546551190844417,AML
AML4363,PlasmaB,0.0009279307145066501,AML
AML647,0_HSPC,0.0,AML
AML647,Myeloid_Pro,0.013191489361702127,AML
AML647,Erythrocytes,0.005531914893617021,AML
AML647,Monocyte,0.011063829787234043,AML
AML647,NK,0.0,AML
AML647,T,0.000425531914893617,AML
AML647,B,0.001276595744680851,AML
AML647,PlasmaB,0.000425531914893617,AML
AML882,0_HSPC,0.0,AML
AML882,Myeloid_Pro,0.003575685339690107,AML
AML882,Erythrocytes,0.0,AML
AML882,Monocyte,0.014302741358760428,AML
AML882,NK,0.0,AML
AML882,T,0.016388557806912993,AML
AML882,B,0.003575685339690107,AML
AML882,PlasmaB,0.0008939213349225268,AML
AML948,0_HSPC,0.0,AML
AML948,Myeloid_Pro,0.0003266906239790918,AML
AML948,Erythrocytes,0.0009800718719372753,AML
AML948,Monocyte,0.005880431231623653,AML
AML948,NK,0.0,AML
AML948,T,0.0009800718719372753,AML
AML948,B,0.0,AML
AML948,PlasmaB,0.0009800718719372753,AML
