gene,label,group,subtype,pct,mean,n_cells,n_donors
CD96,CD96,lead,CEBPA,89.13,1.2837,46,1
CD9,CD9,lead,CEBPA,36.96,0.3704,46,1
SUCNR1,SUCNR1,lead,CEBPA,4.35,0.0168,46,1
IL1RAP,IL1RAP,lead,CEBPA,26.09,0.2691,46,1
FLT3,FLT3,control,CEBPA,65.22,0.8136,46,1
CD33,CD33,clinical,CEBPA,67.39,0.8061,46,1
IL3RA,CD123,clinical,CEBPA,39.13,0.3059,46,1
CLEC12A,CLL-1,clinical,CEBPA,23.91,0.2265,46,1
CD7,CD7,clinical,CEBPA,97.83,0.5539,46,1
TNFRSF4,TNFRSF4,ppac,CEBPA,0.0,0.0,46,1
ABCA7,ABCA7,ppac,CEBPA,8.7,0.0174,46,1
ITGAX,ITGAX,ppac,CEBPA,95.65,0.7216,46,1
CD96,CD96,lead,Complex karyotype,47.82,0.6316,4272,3
CD9,CD9,lead,Complex karyotype,48.95,0.6755,4272,3
SUCNR1,SUCNR1,lead,Complex karyotype,21.32,0.195,4272,3
IL1RAP,IL1RAP,lead,Complex karyotype,30.55,0.2528,4272,3
FLT3,FLT3,control,Complex karyotype,83.66,1.0529,4272,3
CD33,CD33,clinical,Complex karyotype,39.68,0.3958,4272,3
IL3RA,CD123,clinical,Complex karyotype,57.4,0.6071,4272,3
CLEC12A,CLL-1,clinical,Complex karyotype,18.14,0.1443,4272,3
CD7,CD7,clinical,Complex karyotype,26.45,0.2435,4272,3
TNFRSF4,TNFRSF4,ppac,Complex karyotype,30.92,0.3058,4272,3
ABCA7,ABCA7,ppac,Complex karyotype,12.17,0.0895,4272,3
ITGAX,ITGAX,ppac,Complex karyotype,10.7,0.0798,4272,3
CD96,CD96,lead,FLT3-ITD,52.11,0.5402,10528,5
CD9,CD9,lead,FLT3-ITD,48.47,0.5395,10528,5
SUCNR1,SUCNR1,lead,FLT3-ITD,24.33,0.2289,10528,5
IL1RAP,IL1RAP,lead,FLT3-ITD,42.57,0.4165,10528,5
FLT3,FLT3,control,FLT3-ITD,74.3,0.9866,10528,5
CD33,CD33,clinical,FLT3-ITD,52.08,0.5323,10528,5
IL3RA,CD123,clinical,FLT3-ITD,49.09,0.5148,10528,5
CLEC12A,CLL-1,clinical,FLT3-ITD,58.18,0.6386,10528,5
CD7,CD7,clinical,FLT3-ITD,15.4,0.1482,10528,5
TNFRSF4,TNFRSF4,ppac,FLT3-ITD,12.83,0.1318,10528,5
ABCA7,ABCA7,ppac,FLT3-ITD,9.12,0.0771,10528,5
ITGAX,ITGAX,ppac,FLT3-ITD,10.97,0.0945,10528,5
CD96,CD96,lead,KMT2Ar,1.0,0.0063,301,2
CD9,CD9,lead,KMT2Ar,22.26,0.1729,301,2
SUCNR1,SUCNR1,lead,KMT2Ar,0.33,0.0019,301,2
IL1RAP,IL1RAP,lead,KMT2Ar,9.3,0.0652,301,2
FLT3,FLT3,control,KMT2Ar,34.88,0.277,301,2
CD33,CD33,clinical,KMT2Ar,22.26,0.1556,301,2
IL3RA,CD123,clinical,KMT2Ar,2.33,0.0159,301,2
CLEC12A,CLL-1,clinical,KMT2Ar,33.89,0.2869,301,2
CD7,CD7,clinical,KMT2Ar,12.29,0.0864,301,2
TNFRSF4,TNFRSF4,ppac,KMT2Ar,1.0,0.0065,301,2
ABCA7,ABCA7,ppac,KMT2Ar,24.92,0.1777,301,2
ITGAX,ITGAX,ppac,KMT2Ar,31.56,0.2493,301,2
CD96,CD96,lead,MDS-related,9.51,0.1349,3195,12
CD9,CD9,lead,MDS-related,23.35,0.3104,3195,12
SUCNR1,SUCNR1,lead,MDS-related,16.71,0.1987,3195,12
IL1RAP,IL1RAP,lead,MDS-related,27.82,0.3194,3195,12
FLT3,FLT3,control,MDS-related,49.17,0.6987,3195,12
CD33,CD33,clinical,MDS-related,19.15,0.2374,3195,12
IL3RA,CD123,clinical,MDS-related,34.08,0.4082,3195,12
CLEC12A,CLL-1,clinical,MDS-related,29.39,0.3968,3195,12
CD7,CD7,clinical,MDS-related,8.54,0.0806,3195,12
TNFRSF4,TNFRSF4,ppac,MDS-related,4.41,0.0491,3195,12
ABCA7,ABCA7,ppac,MDS-related,3.91,0.0422,3195,12
ITGAX,ITGAX,ppac,MDS-related,9.89,0.1085,3195,12
CD96,CD96,lead,NPM1,70.94,0.6083,8151,18
CD9,CD9,lead,NPM1,58.13,0.5879,8151,18
SUCNR1,SUCNR1,lead,NPM1,50.73,0.586,8151,18
IL1RAP,IL1RAP,lead,NPM1,49.48,0.4019,8151,18
FLT3,FLT3,control,NPM1,89.45,1.2061,8151,18
CD33,CD33,clinical,NPM1,75.22,0.709,8151,18
IL3RA,CD123,clinical,NPM1,67.19,0.6145,8151,18
CLEC12A,CLL-1,clinical,NPM1,26.79,0.2003,8151,18
CD7,CD7,clinical,NPM1,27.55,0.2091,8151,18
TNFRSF4,TNFRSF4,ppac,NPM1,20.93,0.1903,8151,18
ABCA7,ABCA7,ppac,NPM1,9.09,0.0513,8151,18
ITGAX,ITGAX,ppac,NPM1,42.57,0.3119,8151,18
CD96,CD96,lead,NPM1/FLT3-ITD,38.64,0.4385,14248,11
CD9,CD9,lead,NPM1/FLT3-ITD,33.13,0.4116,14248,11
SUCNR1,SUCNR1,lead,NPM1/FLT3-ITD,12.13,0.1327,14248,11
IL1RAP,IL1RAP,lead,NPM1/FLT3-ITD,33.62,0.3806,14248,11
FLT3,FLT3,control,NPM1/FLT3-ITD,40.22,0.4711,14248,11
CD33,CD33,clinical,NPM1/FLT3-ITD,35.33,0.4,14248,11
IL3RA,CD123,clinical,NPM1/FLT3-ITD,35.96,0.4197,14248,11
CLEC12A,CLL-1,clinical,NPM1/FLT3-ITD,11.33,0.1154,14248,11
CD7,CD7,clinical,NPM1/FLT3-ITD,11.17,0.1181,14248,11
TNFRSF4,TNFRSF4,ppac,NPM1/FLT3-ITD,27.13,0.3513,14248,11
ABCA7,ABCA7,ppac,NPM1/FLT3-ITD,6.77,0.068,14248,11
ITGAX,ITGAX,ppac,NPM1/FLT3-ITD,6.32,0.0606,14248,11
CD96,CD96,lead,Other,15.51,0.1316,2914,10
CD9,CD9,lead,Other,30.61,0.2725,2914,10
SUCNR1,SUCNR1,lead,Other,32.6,0.2827,2914,10
IL1RAP,IL1RAP,lead,Other,37.99,0.3457,2914,10
FLT3,FLT3,control,Other,74.33,0.8526,2914,10
CD33,CD33,clinical,Other,51.44,0.4989,2914,10
IL3RA,CD123,clinical,Other,41.01,0.3608,2914,10
CLEC12A,CLL-1,clinical,Other,39.74,0.3857,2914,10
CD7,CD7,clinical,Other,13.73,0.0938,2914,10
TNFRSF4,TNFRSF4,ppac,Other,15.61,0.1418,2914,10
ABCA7,ABCA7,ppac,Other,12.01,0.0768,2914,10
ITGAX,ITGAX,ppac,Other,19.77,0.138,2914,10
CD96,CD96,lead,TP53,16.42,0.147,5066,10
CD9,CD9,lead,TP53,35.12,0.2704,5066,10
SUCNR1,SUCNR1,lead,TP53,29.53,0.2841,5066,10
IL1RAP,IL1RAP,lead,TP53,36.72,0.2647,5066,10
FLT3,FLT3,control,TP53,66.9,0.7157,5066,10
CD33,CD33,clinical,TP53,76.61,0.7548,5066,10
IL3RA,CD123,clinical,TP53,60.13,0.5806,5066,10
CLEC12A,CLL-1,clinical,TP53,18.85,0.1483,5066,10
CD7,CD7,clinical,TP53,20.65,0.1873,5066,10
TNFRSF4,TNFRSF4,ppac,TP53,31.66,0.3175,5066,10
ABCA7,ABCA7,ppac,TP53,13.21,0.0699,5066,10
ITGAX,ITGAX,ppac,TP53,25.84,0.1633,5066,10
CD96,CD96,lead,inv(16)/CBF,31.17,0.186,539,3
CD9,CD9,lead,inv(16)/CBF,91.28,1.1116,539,3
SUCNR1,SUCNR1,lead,inv(16)/CBF,10.95,0.0674,539,3
IL1RAP,IL1RAP,lead,inv(16)/CBF,54.55,0.3216,539,3
FLT3,FLT3,control,inv(16)/CBF,62.15,0.4247,539,3
CD33,CD33,clinical,inv(16)/CBF,66.98,0.4605,539,3
IL3RA,CD123,clinical,inv(16)/CBF,57.14,0.3637,539,3
CLEC12A,CLL-1,clinical,inv(16)/CBF,9.09,0.0756,539,3
CD7,CD7,clinical,inv(16)/CBF,5.57,0.0238,539,3
TNFRSF4,TNFRSF4,ppac,inv(16)/CBF,9.65,0.0528,539,3
ABCA7,ABCA7,ppac,inv(16)/CBF,7.05,0.0341,539,3
ITGAX,ITGAX,ppac,inv(16)/CBF,11.87,0.0565,539,3
CD96,CD96,lead,t(8;21),45.99,0.5339,22382,13
CD9,CD9,lead,t(8;21),14.75,0.1918,22382,13
SUCNR1,SUCNR1,lead,t(8;21),9.28,0.0887,22382,13
IL1RAP,IL1RAP,lead,t(8;21),33.51,0.3583,22382,13
FLT3,FLT3,control,t(8;21),48.51,0.5511,22382,13
CD33,CD33,clinical,t(8;21),12.7,0.1229,22382,13
IL3RA,CD123,clinical,t(8;21),23.0,0.2367,22382,13
CLEC12A,CLL-1,clinical,t(8;21),46.35,0.549,22382,13
CD7,CD7,clinical,t(8;21),2.89,0.0237,22382,13
TNFRSF4,TNFRSF4,ppac,t(8;21),0.25,0.0023,22382,13
ABCA7,ABCA7,ppac,t(8;21),1.0,0.0087,22382,13
ITGAX,ITGAX,ppac,t(8;21),3.16,0.0273,22382,13
CD96,CD96,lead,−7/del(7q),3.25,0.0258,12229,5
CD9,CD9,lead,−7/del(7q),24.56,0.2259,12229,5
SUCNR1,SUCNR1,lead,−7/del(7q),7.55,0.0623,12229,5
IL1RAP,IL1RAP,lead,−7/del(7q),27.51,0.1979,12229,5
FLT3,FLT3,control,−7/del(7q),78.53,0.83,12229,5
CD33,CD33,clinical,−7/del(7q),37.57,0.2803,12229,5
IL3RA,CD123,clinical,−7/del(7q),42.23,0.3324,12229,5
CLEC12A,CLL-1,clinical,−7/del(7q),18.32,0.1467,12229,5
CD7,CD7,clinical,−7/del(7q),27.41,0.2169,12229,5
TNFRSF4,TNFRSF4,ppac,−7/del(7q),24.69,0.2107,12229,5
ABCA7,ABCA7,ppac,−7/del(7q),3.78,0.0237,12229,5
ITGAX,ITGAX,ppac,−7/del(7q),14.56,0.0986,12229,5
