subset_a,subset_b,n_shared,jaccard,frac_a_in_b
Naïve CD4 T,Naïve CD4 T,1135,1.0,1.0
Naïve CD4 T,Naïve CD8 T,1,0.0005055611729019212,0.000881057268722467
Naïve CD4 T,Memory CD4 T,0,0.0,0.0
Naïve CD4 T,GZMK CD8 T,0,0.0,0.0
Naïve CD4 T,GZMB CD8 T,0,0.0,0.0
Naïve CD4 T,Treg,1,0.0008071025020177562,0.000881057268722467
Naïve CD4 T,Memory CD8 T,0,0.0,0.0
Naïve CD4 T,MAIT,0,0.0,0.0
Naïve CD4 T,Proliferating T,0,0.0,0.0
Naïve CD4 T,GZMB NK,0,0.0,0.0
Naïve CD8 T,Naïve CD4 T,1,0.0005055611729019212,0.001184834123222749
Naïve CD8 T,Naïve CD8 T,844,1.0,1.0
Naïve CD8 T,Memory CD4 T,0,0.0,0.0
Naïve CD8 T,GZMK CD8 T,0,0.0,0.0
Naïve CD8 T,GZMB CD8 T,0,0.0,0.0
Naïve CD8 T,Treg,0,0.0,0.0
Naïve CD8 T,Memory CD8 T,0,0.0,0.0
Naïve CD8 T,MAIT,0,0.0,0.0
Naïve CD8 T,Proliferating T,0,0.0,0.0
Naïve CD8 T,GZMB NK,0,0.0,0.0
Memory CD4 T,Naïve CD4 T,0,0.0,0.0
Memory CD4 T,Naïve CD8 T,0,0.0,0.0
Memory CD4 T,Memory CD4 T,445,1.0,1.0
Memory CD4 T,GZMK CD8 T,0,0.0,0.0
Memory CD4 T,GZMB CD8 T,1,0.0016339869281045752,0.0022471910112359553
Memory CD4 T,Treg,0,0.0,0.0
Memory CD4 T,Memory CD8 T,0,0.0,0.0
Memory CD4 T,MAIT,1,0.002,0.0022471910112359553
Memory CD4 T,Proliferating T,0,0.0,0.0
Memory CD4 T,GZMB NK,0,0.0,0.0
GZMK CD8 T,Naïve CD4 T,0,0.0,0.0
GZMK CD8 T,Naïve CD8 T,0,0.0,0.0
GZMK CD8 T,Memory CD4 T,0,0.0,0.0
GZMK CD8 T,GZMK CD8 T,290,1.0,1.0
GZMK CD8 T,GZMB CD8 T,16,0.03619909502262444,0.05517241379310345
GZMK CD8 T,Treg,1,0.0025380710659898475,0.0034482758620689655
GZMK CD8 T,Memory CD8 T,1,0.0025380710659898475,0.0034482758620689655
GZMK CD8 T,MAIT,1,0.002898550724637681,0.0034482758620689655
GZMK CD8 T,Proliferating T,1,0.0031746031746031746,0.0034482758620689655
GZMK CD8 T,GZMB NK,4,0.013071895424836602,0.013793103448275862
GZMB CD8 T,Naïve CD4 T,0,0.0,0.0
GZMB CD8 T,Naïve CD8 T,0,0.0,0.0
GZMB CD8 T,Memory CD4 T,1,0.0016339869281045752,0.005952380952380952
GZMB CD8 T,GZMK CD8 T,16,0.03619909502262444,0.09523809523809523
GZMB CD8 T,GZMB CD8 T,168,1.0,1.0
GZMB CD8 T,Treg,0,0.0,0.0
GZMB CD8 T,Memory CD8 T,2,0.007380073800738007,0.011904761904761904
GZMB CD8 T,MAIT,0,0.0,0.0
GZMB CD8 T,Proliferating T,2,0.010416666666666666,0.011904761904761904
GZMB CD8 T,GZMB NK,5,0.0273224043715847,0.02976190476190476
Treg,Naïve CD4 T,1,0.0008071025020177562,0.009523809523809525
Treg,Naïve CD8 T,0,0.0,0.0
Treg,Memory CD4 T,0,0.0,0.0
Treg,GZMK CD8 T,1,0.0025380710659898475,0.009523809523809525
Treg,GZMB CD8 T,0,0.0,0.0
Treg,Treg,105,1.0,1.0
Treg,Memory CD8 T,0,0.0,0.0
Treg,MAIT,0,0.0,0.0
Treg,Proliferating T,0,0.0,0.0
Treg,GZMB NK,0,0.0,0.0
Memory CD8 T,Naïve CD4 T,0,0.0,0.0
Memory CD8 T,Naïve CD8 T,0,0.0,0.0
Memory CD8 T,Memory CD4 T,0,0.0,0.0
Memory CD8 T,GZMK CD8 T,1,0.0025380710659898475,0.009523809523809525
Memory CD8 T,GZMB CD8 T,2,0.007380073800738007,0.01904761904761905
Memory CD8 T,Treg,0,0.0,0.0
Memory CD8 T,Memory CD8 T,105,1.0,1.0
Memory CD8 T,MAIT,0,0.0,0.0
Memory CD8 T,Proliferating T,1,0.007692307692307693,0.009523809523809525
Memory CD8 T,GZMB NK,1,0.008064516129032258,0.009523809523809525
MAIT,Naïve CD4 T,0,0.0,0.0
MAIT,Naïve CD8 T,0,0.0,0.0
MAIT,Memory CD4 T,1,0.002,0.017857142857142856
MAIT,GZMK CD8 T,1,0.002898550724637681,0.017857142857142856
MAIT,GZMB CD8 T,0,0.0,0.0
MAIT,Treg,0,0.0,0.0
MAIT,Memory CD8 T,0,0.0,0.0
MAIT,MAIT,56,1.0,1.0
MAIT,Proliferating T,0,0.0,0.0
MAIT,GZMB NK,0,0.0,0.0
Proliferating T,Naïve CD4 T,0,0.0,0.0
Proliferating T,Naïve CD8 T,0,0.0,0.0
Proliferating T,Memory CD4 T,0,0.0,0.0
Proliferating T,GZMK CD8 T,1,0.0031746031746031746,0.038461538461538464
Proliferating T,GZMB CD8 T,2,0.010416666666666666,0.07692307692307693
Proliferating T,Treg,0,0.0,0.0
Proliferating T,Memory CD8 T,1,0.007692307692307693,0.038461538461538464
Proliferating T,MAIT,0,0.0,0.0
Proliferating T,Proliferating T,26,1.0,1.0
Proliferating T,GZMB NK,1,0.022222222222222223,0.038461538461538464
GZMB NK,Naïve CD4 T,0,0.0,0.0
GZMB NK,Naïve CD8 T,0,0.0,0.0
GZMB NK,Memory CD4 T,0,0.0,0.0
GZMB NK,GZMK CD8 T,4,0.013071895424836602,0.2
GZMB NK,GZMB CD8 T,5,0.0273224043715847,0.25
GZMB NK,Treg,0,0.0,0.0
GZMB NK,Memory CD8 T,1,0.008064516129032258,0.05
GZMB NK,MAIT,0,0.0,0.0
GZMB NK,Proliferating T,1,0.022222222222222223,0.05
GZMB NK,GZMB NK,20,1.0,1.0
